Country Name,Country Code,Population_2026,Population_2035,Growth_Millions,Growth_Percentage
Afghanistan,AFG,45025957.1047048,54932166.32468516,9.90620921998036,22.001107487719015
Albania,ALB,2319107.6776255565,1841444.6904493617,-0.47766298717619476,-20.596843854411073
Algeria,DZA,48046021.02036397,53122003.698321536,5.0759826779575645,10.56483465260556
American Samoa,ASM,41432.58616376348,-223646.88078904536,-0.2650794669528088,-639.7849892958037
Andorra,AND,79982.55545455299,-170812.4296695724,-0.2507949851241254,-313.56210576021164
Angola,AGO,40180681.2112409,49725341.70887324,9.54466049763234,23.754352116265604
Antigua and Barbuda,ATG,90772.16823221504,-164353.56916676718,-0.2551257373989822,-281.0616319600462
Argentina,ARG,46003439.08750413,47190782.851573974,1.1873437640698403,2.58098913390229
Armenia,ARM,3134461.625521212,3320521.381605584,0.18605975608437228,5.9359398299678805
Aruba,ABW,105710.2389858216,-146300.1658782193,-0.2520104048640409,-238.39734663530731
Australia,AUS,28019349.27555673,31293870.90900067,3.2745216334439404,11.686644115966457
Austria,AUT,9233524.386942808,9246569.741759425,0.013045354816617444,0.1412825078478698
Azerbaijan,AZE,10287046.481931604,10427906.05365725,0.14085957172564603,1.3692907091754167
"Bahamas, The",BHS,400906.87718922703,157727.00174825866,-0.24317987544096836,-60.65744672326689
Bahrain,BHR,1608154.2397427275,1452251.913593645,-0.1559023261490825,-9.694488395219091
Bangladesh,BGD,177795499.8471919,195914995.4287575,18.119495581565587,10.19120033810674
Barbados,BRB,278922.51456223906,22080.970633102,-0.25684154392913705,-92.08347498667956
Belarus,BLR,9036477.07688087,8415567.503710229,-0.6209095731706414,-6.871146442225706
Belgium,BEL,12021141.227716573,12500091.125951247,0.4789498982346747,3.98422985939457
Belize,BLZ,424852.4640665834,216075.42029230256,-0.2087770437742808,-49.14106929636662
Benin,BEN,15159153.777878003,17893593.07215448,2.734439294276478,18.03820539288208
Bermuda,BMU,60604.38286488294,-198955.17686795897,-0.2595595597328419,-428.28512966055314
Bhutan,BTN,797955.6847187505,584660.8147004507,-0.21329487001829978,-26.730164857899126
Bolivia,BOL,12745253.576341027,13937767.85272405,1.1925142763830219,9.356536292041158
Bosnia and Herzegovina,BIH,3112287.8704302893,2658886.2484223703,-0.453401622007919,-14.568113262133235
Botswana,BWA,2598917.4301864896,2691388.9237210792,0.09247149353458965,3.5580773925531837
Brazil,BRA,213622324.64263874,220837954.9805533,7.215630337914556,3.3777510613580906
British Virgin Islands,VGB,36103.39549198741,-220805.71542106278,-0.2569091109130502,-711.5926560704441
Brunei Darussalam,BRN,466040.26858331455,238587.8021570763,-0.22745246642623823,-48.805324723903404
Bulgaria,BGR,6421569.975150057,6113385.13562483,-0.30818483952522746,-4.799213287682439
Burkina Faso,BFA,24592074.33955575,28815909.070083275,4.223834730527524,17.175593535570886
Burundi,BDI,14724115.602223061,17366998.28242414,2.6428826802010796,17.94934753026562
Cabo Verde,CPV,525897.8263072188,288970.82666555373,-0.23692699964166503,-45.05190700355873
Cambodia,KHM,18051523.76447336,19598195.161326468,1.546671396853108,8.568093292473534
Cameroon,CMR,30624450.106826514,36792580.034915015,6.168129928088501,20.14119406739506
Canada,CAN,41976622.54118255,44578997.20172565,2.602374660543099,6.199580869065761
Cayman Islands,CYM,73344.26935813687,-173893.4773540236,-0.24723774671216048,-337.09211213886306
Central African Republic,CAF,5690533.672722115,6981188.165054533,1.2906544923324175,22.680728496858574
Chad,TCD,21678011.834916525,27208935.91899373,5.530924084077205,25.513982214774
Channel Islands,CHI,164932.22578782542,-90815.06317629362,-0.255747288964119,-155.06204911896435
Chile,CHL,19950500.18965612,20545455.13112181,0.5949549414656907,2.9821555139462683
China,CHN,1404254215.8687398,1388101861.7336388,-16.15235413510108,-1.150244304241483
Colombia,COL,53956123.05994327,58369039.43521048,4.412916375267208,8.178712859640823
Comoros,COM,895056.8432504793,774644.0975504662,-0.12041274570001312,-13.453083634635252
"Congo, Dem. Rep.",COD,116355517.69900373,146287637.64009157,29.93211994108784,25.72471038160671
"Congo, Rep.",COG,6630779.191918897,7662098.934645801,1.0313197427269034,15.553522638542985
Costa Rica,CRI,5172057.993700126,5121711.328214251,-0.05034666548587475,-0.9734358266515956
Cote d'Ivoire,CIV,33478598.37510886,39840532.07369441,6.361933698585547,19.00298700472361
Croatia,HRV,3882685.8210101263,3722137.990020276,-0.16054783098985023,-4.134968379905687
Cuba,CUB,10891704.79487276,10309814.374842111,-0.5818904200306497,-5.3425100201446245
Curacao,CUW,152619.61663821473,-104132.65420575126,-0.256752270843966,-168.23018986648225
Cyprus,CYP,1379230.7385403595,1228489.8133434437,-0.15074092519691587,-10.929347859259941
Czechia,CZE,10861504.156899778,10447319.611401362,-0.4141845454984158,-3.8133258480162233
Denmark,DNK,6037606.096069591,6068799.175252271,0.031193079182679766,0.516646476870793
Djibouti,DJI,1195419.842368314,1068476.3747130167,-0.12694346765529738,-10.619153468609193
Dominica,DMA,61669.65440376778,-200010.87314794795,-0.2616805275517157,-424.32624291750216
Dominican Republic,DOM,11608911.428660924,12163130.592405653,0.554219163744729,4.774083833359539
Ecuador,ECU,18439667.02193759,19532239.009749826,1.092571987812236,5.925117771988007
"Egypt, Arab Rep.",EGY,120163393.90926619,135480056.98788932,15.316663078623131,12.746530020772004
El Salvador,SLV,6388908.870698193,6378295.778621439,-0.010613092076754198,-0.1661174433936538
Equatorial Guinea,GNQ,1980126.4105860032,2112442.0971304113,0.1323156865444081,6.682183815994367
Eritrea,ERI,3674359.920702192,4028884.6824581274,0.3545247617559354,9.648612803510648
Estonia,EST,1356321.2670505526,1047405.7936465892,-0.30891547340396347,-22.775980949980166
Eswatini,SWZ,1265646.5960753006,1123115.8796140107,-0.1425307164612899,-11.261494077673001
Ethiopia,ETH,138852339.0920415,167635847.16500533,28.783508072963834,20.729580978743193
Faroe Islands,FRO,51288.529618882225,-205422.57349223783,-0.25671110311112005,-500.5234211600601
Fiji,FJI,933636.2679115315,713996.8607911053,-0.21963940712042618,-23.525157994530534
Finland,FIN,5668441.102242535,5643609.610212544,-0.024831492029991,-0.4380656265470806
France,FRA,68886465.94443455,70255207.97837012,1.3687420339355618,1.986953482327895
French Polynesia,PYF,279256.7707960484,26582.444380626373,-0.25267432641542203,-90.48100273277151
Gabon,GAB,2642965.603614472,2845991.393526053,0.2030257899115812,7.681741662998823
"Gambia, The",GMB,2879774.2211554353,3149890.2279412067,0.27011600678577136,9.379763343995567
Georgia,GEO,4055815.5157098076,4858571.573021375,0.802756057311567,19.792716266362937
Germany,DEU,83449132.71253504,83082731.1180505,-0.36640159448453785,-0.43907178250337886
Ghana,GHA,35691806.53591327,40877700.521766186,5.185893985852912,14.529648367994035
Gibraltar,GIB,37038.89931493206,-215274.01062461513,-0.2523129099395472,-681.2106045436086
Greece,GRC,10420207.148512078,10275868.696624326,-0.14433845188775285,-1.3851783350426314
Greenland,GRL,52958.109758759616,-205962.10618064192,-0.2589202159394015,-488.91513900111295
Grenada,GRD,113529.65035892953,-144384.2734650356,-0.2579139238239651,-227.17759017891598
Guam,GUM,166340.39587664057,-81989.0844631379,-0.24832948033977847,-149.2899418875627
Guatemala,GTM,18963389.66936295,21122312.016567502,2.158922347204551,11.384685886049596
Guinea,GIN,15437407.814547287,18113009.855099678,2.675602040552391,17.331938578645723
Guinea-Bissau,GNB,2293394.162385574,2445024.314599129,0.15163015221355483,6.611604524877228
Guyana,GUY,837016.3087076328,621774.0184910126,-0.2152422902166202,-25.715423699325274
Haiti,HTI,12034807.319715537,12931471.31895589,0.8966639992403537,7.450588741636355
Honduras,HND,11180648.738209158,12465322.899205849,1.2846741609966903,11.490157602451081
"Hong Kong SAR, China",HKG,7469617.743391847,7015190.625891566,-0.454427117500281,-6.083672995211828
Hungary,HUN,9462413.265987175,8822209.304680377,-0.6402039613067974,-6.765757775640838
Iceland,ISL,394742.81568049174,189599.6861472634,-0.20514312953322836,-51.96880636816276
India,IND,1476732940.9512253,1589525932.2777805,112.79299132655525,7.638008755591284
Indonesia,IDN,287937134.21980155,307262449.3184856,19.325315098684072,6.7116438979113315
"Iran, Islamic Rep.",IRN,93251652.26375797,100338451.01713118,7.0867987533732055,7.5996495304217495
Iraq,IRQ,47987936.06742367,56084417.661403745,8.096481593980075,16.87191043724909
Ireland,IRL,5568681.276281608,6071916.222496565,0.5032349462149571,9.036878234679355
Isle of Man,IMN,80205.80048206414,-178975.58542756992,-0.2591813859096341,-323.14543879852306
Israel,ISR,10236421.232553422,10998911.445705673,0.7624902131522503,7.448796760408921
Italy,ITA,58878207.132387996,58495694.76744619,-0.3825123649418056,-0.6496671409877076
Jamaica,JAM,2831190.2647428093,2562749.172832882,-0.2684410919099273,-9.481563116857956
Japan,JPN,122763634.48572002,117762620.9719398,-5.001013513780221,-4.073692942319938
Jordan,JOR,11475314.954605754,10889427.029607218,-0.5858879249985367,-5.105636989626882
Kazakhstan,KAZ,21088597.27863009,22993105.67815849,1.904508399528403,9.030986624503075
Kenya,KEN,58619304.46683104,67757955.240458,9.138650773626953,15.589831467205379
Kiribati,KIR,134569.11092882766,-107581.2498445427,-0.24215036077337038,-179.94498076266657
"Korea, Dem. People's Rep.",PRK,26639502.09611023,27065602.16311164,0.42610006700140984,1.5995046208601131
"Korea, Rep.",KOR,51610526.36336674,50893613.96992265,-0.7169123934440911,-1.3890817318866895
Kosovo,XKX,1560843.5722333882,1206374.4260392797,-0.3544691461941085,-22.7101006468511
Kuwait,KWT,4824733.56472618,4264598.0731007755,-0.5601354916254049,-11.609666816020223
Kyrgyz Republic,KGZ,7459359.177381625,8238370.758602498,0.7790115812208727,10.44341159469841
Lao PDR,LAO,7971561.352238213,8601366.204528581,0.6298048522903686,7.900646115124428
Latvia,LVA,1825837.9972766715,1418664.9137281422,-0.4071730835485293,-22.300613973191943
Lebanon,LBN,5889629.254391241,6020520.007374636,0.130890752983395,2.2223937590945027
Lesotho,LSO,2385191.2132500843,2350635.8634073464,-0.03455534984273789,-1.4487454779632718
Liberia,LBR,5844598.60204331,6594586.072129136,0.7499874700858258,12.832146758951508
Libya,LBY,7531913.304589346,7947635.552393839,0.41572224780449274,5.519477335874071
Liechtenstein,LIE,37718.7104183411,-216438.73300515127,-0.2541574434234924,-673.8232580186669
Lithuania,LTU,2884411.058395102,2628334.608562016,-0.25607644983308625,-8.877945779876748
Luxembourg,LUX,692936.5719178311,519068.27167384943,-0.17386830024398164,-25.091517361072274
"Macao SAR, China",MAC,680320.0091809502,408224.79727862985,-0.2720952119023204,-39.99517994919785
Madagascar,MDG,33506009.464413445,39853357.00461139,6.3473475401979425,18.943907799403643
Malawi,MWI,22768651.975961603,27284566.408580285,4.515914432618682,19.833912158640025
Malaysia,MYS,36390612.409520075,39759217.78730473,3.3686053777846543,9.256797714411094
Maldives,MDV,527694.517157744,286094.34637414233,-0.24160017078360171,-45.78409722445155
Mali,MLI,25909141.17003278,31769992.987687808,5.860851817655027,22.620787694938528
Malta,MLT,586225.343165066,416547.87868271593,-0.16967746448235005,-28.94406843045222
Marshall Islands,MHL,31160.60418089718,-238393.37500639865,-0.26955397918729584,-865.0473451106711
Mauritania,MRT,5455409.178492164,6432589.28687682,0.9771801083846557,17.91213227849467
Mauritius,MUS,1237984.911566181,966397.2580301161,-0.271587653536065,-21.93788074464317
Mexico,MEX,133021650.88780217,142259911.2076651,9.238260319862917,6.94492983526041
"Micronesia, Fed. Sts.",FSM,110333.16920536704,-144001.6538148825,-0.25433482302024957,-230.51528824196748
Moldova,MDA,2316464.064407426,1724008.2587860834,-0.5924558056213425,-25.575868614775963
Monaco,MCO,34186.08194861276,-227173.49683977838,-0.26135957878839117,-764.5204243681891
Mongolia,MNG,3609034.9587090854,3731914.704720154,0.12287974601106857,3.404781261942151
Montenegro,MNE,618873.1499144053,358239.32323929545,-0.26063382667510987,-42.11425664712671
Morocco,MAR,38773372.00965969,41553843.56521951,2.780471555559814,7.171085235679551
Mozambique,MOZ,36618502.78325863,44850247.69913384,8.231744915875211,22.479741906975583
Myanmar,MMR,55195394.16218895,58039131.924530655,2.843737762341708,5.152128733759061
Namibia,NAM,3150780.42733298,3423835.5811140602,0.27305515378108014,8.666270471034103
Naoero,NRU,8230.264412509277,-250151.33298552863,-0.2583815973980379,-3139.4082188334146
Nepal,NPL,29584169.82536594,29151872.14552191,-0.4322976798440292,-1.4612466139691043
Netherlands,NLD,18176307.156379078,18749738.650907885,0.5734314945288077,3.154829468908698
New Caledonia,NCL,294135.03071766277,58524.254168052576,-0.23561077654961018,-80.10292958806752
New Zealand,NZL,5351516.900343029,5364431.818815195,0.012914918472166173,0.24133191976537222
Nicaragua,NIC,7094268.79901536,7622194.079897608,0.5279252808822478,7.441574259993086
Niger,NER,28791756.84028322,36046173.06154692,7.254416221263703,25.19615687749169
Nigeria,NGA,242334101.25556815,283478268.66633224,41.1441674107641,16.978282130987836
North Macedonia,MKD,1813732.4354355251,1531652.3867058132,-0.28208004872971193,-15.552462051106067
Northern Mariana Islands,MNP,38951.1133373091,-226074.83071336325,-0.26502594405067237,-680.4065951994721
Norway,NOR,5644473.375689672,5717586.8739414,0.07311349825172778,1.2953112431466538
Oman,OMN,5700489.1552227475,7231837.7059317455,1.531348550708998,26.863458713994525
Pakistan,PAK,259148800.50829032,292917319.3897077,33.768518881417364,13.030551874129584
Palau,PLW,13759.43058836396,-245529.0245123111,-0.25928845510067505,-1884.4417538611624
Panama,PAN,4622471.012767858,4843107.9695703145,0.22063695680245665,4.773138786441907
Papua New Guinea,PNG,10943709.603473594,12279351.226468392,1.3356416229947974,12.204651543118954
Paraguay,PRY,7092499.377618633,7558215.368805933,0.4657159911872996,6.566316983501347
Peru,PER,34928557.450044096,37777449.12326132,2.848891673217222,8.156339342933915
Philippines,PHL,117721720.46919449,125733726.48663639,8.012006017441898,6.805885936349772
Poland,POL,36312496.10631473,35141072.27083625,-1.1714238354784847,-3.225952388535401
Portugal,PRT,10910105.919810846,11604642.355808498,0.6945364359976519,6.365991687912902
Puerto Rico (US),PRI,3162500.7225784226,2754976.307056836,-0.4075244155215868,-12.886144582105501
Qatar,QAT,3075396.014917693,3727310.705747126,0.651914690829433,21.197747791413466
Romania,ROU,18984757.330547266,18508653.48429035,-0.4761038462569155,-2.507821606393907
Russian Federation,RUS,143363319.2551141,142259064.26772526,-1.1042549873888492,-0.7702493169984678
Rwanda,RWA,14876259.869989343,17290505.245871477,2.414245375882134,16.228846477416795
Samoa,WSM,216713.16804141836,-30922.33613306051,-0.24763550417447888,-114.26878505469986
San Marino,SMR,30369.572266857605,-227482.60186603677,-0.25785217413289435,-849.0477635547377
Sao Tome and Principe,STP,241062.66235111654,22306.72867695504,-0.2187559336741615,-90.74650198442409
Saudi Arabia,SAU,38631280.51392716,52553555.02222885,13.92227450830169,36.03886364388698
Senegal,SEN,19354639.92955502,22761234.46664979,3.4065945370947683,17.600919208488154
Serbia,SRB,6508703.497103004,5957741.862561958,-0.5509616345410459,-8.464998210262252
Seychelles,SYC,120209.86115992168,-127080.50590601936,-0.24729036706594104,-205.71554170331942
Sierra Leone,SLE,8991902.231126033,10247657.820307817,1.2557555891817846,13.965405282487481
Singapore,SGP,6177936.028718069,6531884.780751386,0.35394875203331655,5.729239512807992
Sint Maarten (Dutch part),SXM,40617.03301197896,-213538.12053256517,-0.2541551535445441,-625.7353989140161
Slovak Republic,SVK,5401840.560041214,5088798.455714382,-0.3130421043268321,-5.795100778103005
Slovenia,SVN,2130544.4347876343,1906213.5489024222,-0.2243308858852121,-10.529275157200496
Solomon Islands,SLB,854062.7881292045,760718.7621072365,-0.093344026021968,-10.929410263434484
"Somalia, Fed. Rep.",SOM,20289840.133351043,25497548.35868394,5.2077082253328975,25.66658086562656
South Africa,ZAF,65474984.36430545,71587984.30550121,6.112999941195756,9.336390074082
South Sudan,SSD,12412963.617340092,14109205.377251035,1.696241759910943,13.665082829546083
Spain,ESP,49855351.539121255,54002281.559431076,4.146930020309821,8.317923537367387
Sri Lanka,LKA,21592467.268312052,20038529.02333839,-1.5539382449736632,-7.196668290214984
St. Kitts and Nevis,KNA,43129.439030575624,-215138.77198155678,-0.25826821101213243,-598.821169060509
St. Lucia,LCA,176683.07007075334,-78455.56856797682,-0.25513863863873015,-144.40468944566055
St. Martin (French part),MAF,19909.169680411636,-248908.45052697975,-0.26881762020739136,-1350.2201474121616
St. Vincent and the Grenadines,VCT,95373.87286716164,-169166.17251811572,-0.26454004538527737,-277.3716086309437
Sudan,SDN,52917793.73707038,63508077.7760994,10.590284039029017,20.012708941813326
Suriname,SUR,641362.2473355425,429652.3579943827,-0.21170988934115978,-33.00940930350695
Sweden,SWE,10619530.389854671,10616072.668745125,-0.003457721109546721,-0.03256001897080159
Switzerland,CHE,9172829.530143017,9651128.86838447,0.4782993382414524,5.2143053206178465
Syrian Arab Republic,SYR,26545584.141414575,34221044.243271455,7.6754601018568795,28.914263332718154
Tajikistan,TJK,10976672.75845687,12388794.014488798,1.4121212560319267,12.864747698194535
Tanzania,TZA,72512086.96097398,89138238.20885873,16.62615124788475,22.92879979696757
Thailand,THA,71571602.4113955,71131889.31980859,-0.4397130915869176,-0.6143680968038621
Timor-Leste,TLS,1432508.939610701,1328732.158502094,-0.10377678110860707,-7.244407224209677
Togo,TGO,8771365.723211862,10091433.081908626,1.3200673586967644,15.04973570083209
Tonga,TON,99446.27853532106,-162929.27241799491,-0.262375550953316,-263.8364701200218
Trinidad and Tobago,TTO,1363309.6733489581,1102986.0525122331,-0.260323620836725,-19.09497349910548
Tunisia,TUN,12415694.799053937,12791624.185713122,0.37592938665918446,3.027856215407533
Turkiye,TUR,86247320.84566876,89388002.42885517,3.140681583186403,3.641483065666873
Turkmenistan,TKM,7737935.379912078,8541141.76979477,0.8032063898826912,10.380112400109208
Turks and Caicos Islands,TCA,43299.888522602734,-212957.41101330367,-0.2562572995359064,-591.8197673930246
Tuvalu,TUV,5468.488889494911,-254857.70005988597,-0.26032618894938087,-4760.477605604599
Uganda,UGA,52738902.01094507,64124607.85425109,11.38570584330602,21.588818517577614
Ukraine,UKR,40156497.883685336,50047018.428275645,9.89052054459031,24.62993803204288
United Arab Emirates,ARE,12032360.423783157,16237351.185933487,4.204990762150331,34.9473471043865
United Kingdom,GBR,69651876.02296971,70986996.546119,1.3351205231492966,1.9168479004197996
United States,USA,343457444.0375042,358267998.10887355,14.81055407136935,4.312194808551623
Uruguay,URY,3379105.571403717,3114791.822453802,-0.26431374894991516,-7.82200328947155
Uzbekistan,UZB,37734073.45587058,43374638.229406506,5.640564773535922,14.94820001379516
Vanuatu,VUT,338624.45298449125,142549.87134381826,-0.19607458164067298,-57.903255335683944
"Venezuela, RB",VEN,28625235.4147151,29395160.66515876,0.7699252504436597,2.689673077929943
Viet Nam,VNM,102202666.14751877,107371457.83860315,5.168791691084385,5.05739418150186
Virgin Islands (U.S.),VIR,99343.6144046748,-164326.71458557353,-0.26367032899024834,-265.41245813363605
West Bank and Gaza,PSE,5533130.340580802,6334394.482026186,0.8012641414453834,14.481208504502286
"Yemen, Rep.",YEM,42949373.116177455,52795853.32351078,9.846480207333327,22.9257832953667
Zambia,ZMB,22503886.008341998,27336395.72625121,4.832509717909213,21.474112142755448
Zimbabwe,ZWE,17262323.934187647,19722711.910081428,2.4603879758937808,14.252935962005886
