Country Name,Country Code,Year,Predicted_Population
Aruba,ABW,2026,105710.2389858216
Aruba,ABW,2027,98266.90841043566
Aruba,ABW,2028,86206.05970345263
Aruba,ABW,2029,69299.4106858141
Aruba,ABW,2030,47322.48257463903
Aruba,ABW,2031,20053.347049451782
Aruba,ABW,2032,-12727.504856069107
Aruba,ABW,2033,-51237.21263983124
Aruba,ABW,2034,-95690.58974463085
Aruba,ABW,2035,-146300.1658782193
Afghanistan,AFG,2026,45025957.1047048
Afghanistan,AFG,2027,46191682.25575143
Afghanistan,AFG,2028,47341181.00798513
Afghanistan,AFG,2029,48474436.32367328
Afghanistan,AFG,2030,49591436.68349965
Afghanistan,AFG,2031,50692170.14284307
Afghanistan,AFG,2032,51776623.914345875
Afghanistan,AFG,2033,52844784.347230375
Afghanistan,AFG,2034,53896636.93494548
Afghanistan,AFG,2035,54932166.32468516
Angola,AGO,2026,40180681.2112409
Angola,AGO,2027,41305479.458838016
Angola,AGO,2028,42414255.47451769
Angola,AGO,2029,43506982.33391176
Angola,AGO,2030,44583643.220274135
Angola,AGO,2031,45644221.28892703
Angola,AGO,2032,46688698.947635874
Angola,AGO,2033,47717057.8131167
Angola,AGO,2034,48729278.71595779
Angola,AGO,2035,49725341.70887324
Albania,ALB,2026,2319107.6776255565
Albania,ALB,2027,2284777.1976980646
Albania,ALB,2028,2246301.6793936403
Albania,ALB,2029,2203443.184360799
Albania,ALB,2030,2155969.72125745
Albania,ALB,2031,2103652.114074639
Albania,ALB,2032,2046263.7342968415
Albania,ALB,2033,1983580.4394307327
Albania,ALB,2034,1915380.527023369
Albania,ALB,2035,1841444.6904493617
Andorra,AND,2026,79982.55545455299
Andorra,AND,2027,72687.6704565874
Andorra,AND,2028,60771.72454659542
Andorra,AND,2029,44006.578879935376
Andorra,AND,2030,22167.812122669362
Andorra,AND,2031,-4966.4535435294965
Andorra,AND,2032,-37615.677847450715
Andorra,AND,2033,-75996.95189363277
Andorra,AND,2034,-120325.04153332568
Andorra,AND,2035,-170812.4296695724
United Arab Emirates,ARE,2026,12032360.423783157
United Arab Emirates,ARE,2027,12541643.980561292
United Arab Emirates,ARE,2028,13040710.883946415
United Arab Emirates,ARE,2029,13529424.135484809
United Arab Emirates,ARE,2030,14007658.471833384
United Arab Emirates,ARE,2031,14475290.288142018
United Arab Emirates,ARE,2032,14932196.897018682
United Arab Emirates,ARE,2033,15378256.458270762
United Arab Emirates,ARE,2034,15813347.95708358
United Arab Emirates,ARE,2035,16237351.185933487
Argentina,ARG,2026,46003439.08750413
Argentina,ARG,2027,46152080.56455682
Argentina,ARG,2028,46297068.876361266
Argentina,ARG,2029,46438174.93202759
Argentina,ARG,2030,46575172.36027914
Argentina,ARG,2031,46707837.341288745
Argentina,ARG,2032,46835948.552396536
Argentina,ARG,2033,46959287.12267481
Argentina,ARG,2034,47077636.58878507
Argentina,ARG,2035,47190782.851573974
Armenia,ARM,2026,3134461.625521212
Armenia,ARM,2027,3177336.3537573824
Armenia,ARM,2028,3215158.979726062
Armenia,ARM,2029,3247715.062175356
Armenia,ARM,2030,3274788.8212899053
Armenia,ARM,2031,3296166.5390670355
Armenia,ARM,2032,3311636.7643778757
Armenia,ARM,2033,3320990.289148354
Armenia,ARM,2034,3324020.108709009
Armenia,ARM,2035,3320521.381605584
American Samoa,ASM,2026,41432.58616376348
American Samoa,ASM,2027,32481.624823984108
American Samoa,ASM,2028,18927.604726267047
American Samoa,ASM,2029,542.0215682674898
American Samoa,ASM,2030,-22899.868952482007
American Samoa,ASM,2031,-51620.259890903486
American Samoa,ASM,2032,-85838.92105309654
American Samoa,ASM,2033,-125773.24872143753
American Samoa,ASM,2034,-171638.30911802733
American Samoa,ASM,2035,-223646.88078904536
Antigua and Barbuda,ATG,2026,90772.16823221504
Antigua and Barbuda,ATG,2027,82969.40740018385
Antigua and Barbuda,ATG,2028,70552.54837471643
Antigua and Barbuda,ATG,2029,53293.30422631692
Antigua and Barbuda,ATG,2030,30967.136049186345
Antigua and Barbuda,ATG,2031,3352.0523580928566
Antigua and Barbuda,ATG,2032,-29771.518276593997
Antigua and Barbuda,ATG,2033,-68620.77686081268
Antigua and Barbuda,ATG,2034,-113410.59738666296
Antigua and Barbuda,ATG,2035,-164353.56916676718
Australia,AUS,2026,28019349.27555673
Australia,AUS,2027,28416062.109081052
Australia,AUS,2028,28804897.951894138
Australia,AUS,2029,29185731.716646288
Australia,AUS,2030,29558405.694315717
Australia,AUS,2031,29922761.195758704
Australia,AUS,2032,30278640.798179023
Australia,AUS,2033,30625888.480754323
Australia,AUS,2034,30964349.60905561
Australia,AUS,2035,31293870.90900067
Austria,AUT,2026,9233524.386942808
Austria,AUT,2027,9254655.956872063
Austria,AUT,2028,9271386.411273189
Austria,AUT,2029,9283492.17293329
Austria,AUT,2030,9290748.252600977
Austria,AUT,2031,9292931.860270064
Austria,AUT,2032,9289822.6230942
Austria,AUT,2033,9281202.56023371
Austria,AUT,2034,9266856.040888872
Austria,AUT,2035,9246569.741759425
Azerbaijan,AZE,2026,10287046.481931604
Azerbaijan,AZE,2027,10322809.988454904
Azerbaijan,AZE,2028,10354062.732098859
Azerbaijan,AZE,2029,10380579.518770324
Azerbaijan,AZE,2030,10402137.362996189
Azerbaijan,AZE,2031,10418515.70599978
Azerbaijan,AZE,2032,10429496.390438862
Azerbaijan,AZE,2033,10434863.618312664
Azerbaijan,AZE,2034,10434403.908295922
Azerbaijan,AZE,2035,10427906.05365725
Burundi,BDI,2026,14724115.602223061
Burundi,BDI,2027,15050541.930850312
Burundi,BDI,2028,15369156.008097263
Burundi,BDI,2029,15679794.250425078
Burundi,BDI,2030,15982291.818798484
Burundi,BDI,2031,16276485.201967753
Burundi,BDI,2032,16562212.374926139
Burundi,BDI,2033,16839312.783631038
Burundi,BDI,2034,17107627.317662492
Burundi,BDI,2035,17366998.28242414
Belgium,BEL,2026,12021141.227716573
Belgium,BEL,2027,12095886.118484836
Belgium,BEL,2028,12165753.02041813
Belgium,BEL,2029,12230520.452109007
Belgium,BEL,2030,12289972.09712528
Belgium,BEL,2031,12343894.178056033
Belgium,BEL,2032,12392075.228615763
Belgium,BEL,2033,12434306.038604908
Belgium,BEL,2034,12470379.611895327
Belgium,BEL,2035,12500091.125951247
Benin,BEN,2026,15159153.777878003
Benin,BEN,2027,15496140.569245303
Benin,BEN,2028,15825218.436234647
Benin,BEN,2029,16146220.127645787
Benin,BEN,2030,16458982.30106364
Benin,BEN,2031,16763343.285235865
Benin,BEN,2032,17059142.8927269
Benin,BEN,2033,17346222.380244803
Benin,BEN,2034,17624424.41998292
Benin,BEN,2035,17893593.07215448
Burkina Faso,BFA,2026,24592074.33955575
Burkina Faso,BFA,2027,25100339.354190346
Burkina Faso,BFA,2028,25599182.14359344
Burkina Faso,BFA,2029,26088463.379044678
Burkina Faso,BFA,2030,26568048.57297973
Burkina Faso,BFA,2031,27037804.55889154
Burkina Faso,BFA,2032,27497599.218695126
Burkina Faso,BFA,2033,27947301.443640843
Burkina Faso,BFA,2034,28386781.11230188
Burkina Faso,BFA,2035,28815909.070083275
Bangladesh,BGD,2026,177795499.8471919
Bangladesh,BGD,2027,179885010.81150016
Bangladesh,BGD,2028,181955286.23125273
Bangladesh,BGD,2029,184006394.51203176
Bangladesh,BGD,2030,186038417.34002918
Bangladesh,BGD,2031,188051435.2916362
Bangladesh,BGD,2032,190045526.8301069
Bangladesh,BGD,2033,192020768.2632233
Bangladesh,BGD,2034,193977233.76948875
Bangladesh,BGD,2035,195914995.4287575
Bulgaria,BGR,2026,6421569.975150057
Bulgaria,BGR,2027,6405955.334426998
Bulgaria,BGR,2028,6386219.688348221
Bulgaria,BGR,2029,6362129.356465428
Bulgaria,BGR,2030,6333453.420431936
Bulgaria,BGR,2031,6299963.540711682
Bulgaria,BGR,2032,6261433.900646061
Bulgaria,BGR,2033,6217641.160344172
Bulgaria,BGR,2034,6168364.411943749
Bulgaria,BGR,2035,6113385.13562483
Bahrain,BHR,2026,1608154.2397427275
Bahrain,BHR,2027,1611533.8827929744
Bahrain,BHR,2028,1610257.282710253
Bahrain,BHR,2029,1604097.3237784873
Bahrain,BHR,2030,1592830.6684723636
Bahrain,BHR,2031,1576236.5127150603
Bahrain,BHR,2032,1554096.4556119854
Bahrain,BHR,2033,1526194.4498750824
Bahrain,BHR,2034,1492316.758677354
Bahrain,BHR,2035,1452251.913593645
"Bahamas, The",BHS,2026,400906.87718922703
"Bahamas, The",BHS,2027,394417.7237416095
"Bahamas, The",BHS,2028,383317.7820612433
"Bahamas, The",BHS,2029,367378.83329989784
"Bahamas, The",BHS,2030,346376.3816861201
"Bahamas, The",BHS,2031,320088.47680403607
"Bahamas, The",BHS,2032,288295.58787760837
"Bahamas, The",BHS,2033,250780.55426285963
"Bahamas, The",BHS,2034,207328.54205252853
"Bahamas, The",BHS,2035,157727.00174825866
Bosnia and Herzegovina,BIH,2026,3112287.8704302893
Bosnia and Herzegovina,BIH,2027,3080586.8834088063
Bosnia and Herzegovina,BIH,2028,3044754.6030155485
Bosnia and Herzegovina,BIH,2029,3004556.594800243
Bosnia and Herzegovina,BIH,2030,2959761.0732988254
Bosnia and Herzegovina,BIH,2031,2910138.833091976
Bosnia and Herzegovina,BIH,2032,2855463.20091859
Bosnia and Herzegovina,BIH,2033,2795509.9899802674
Bosnia and Herzegovina,BIH,2034,2730057.4550708993
Bosnia and Herzegovina,BIH,2035,2658886.2484223703
Belarus,BLR,2026,9036477.07688087
Belarus,BLR,2027,8983719.1631449
Belarus,BLR,2028,8927462.385009106
Belarus,BLR,2029,8867462.61934999
Belarus,BLR,2030,8803479.089283952
Belarus,BLR,2031,8735273.786470603
Belarus,BLR,2032,8662611.384460239
Belarus,BLR,2033,8585259.188024601
Belarus,BLR,2034,8502987.085775312
Belarus,BLR,2035,8415567.503710229
Belize,BLZ,2026,424852.4640665834
Belize,BLZ,2027,422369.3917076688
Belize,BLZ,2028,415227.7384703908
Belize,BLZ,2029,403200.11576808797
Belize,BLZ,2030,386062.854126799
Belize,BLZ,2031,363594.8169688485
Belize,BLZ,2032,335577.2744850258
Belize,BLZ,2033,301793.8542920818
Belize,BLZ,2034,262030.4982409753
Belize,BLZ,2035,216075.42029230256
Bermuda,BMU,2026,60604.38286488294
Bermuda,BMU,2027,52292.271889072785
Bermuda,BMU,2028,39370.432945038076
Bermuda,BMU,2029,21610.494847978058
Bermuda,BMU,2030,-1212.1657118565636
Bermuda,BMU,2031,-29319.62342007202
Bermuda,BMU,2032,-62931.53162585024
Bermuda,BMU,2033,-102265.1719878636
Bermuda,BMU,2034,-147535.49790437077
Bermuda,BMU,2035,-198955.17686795897
Bolivia,BOL,2026,12745253.576341027
Bolivia,BOL,2027,12903033.6323752
Bolivia,BOL,2028,13054957.691830505
Bolivia,BOL,2029,13200822.92694526
Bolivia,BOL,2030,13340430.090959553
Bolivia,BOL,2031,13473582.112830825
Bolivia,BOL,2032,13600083.961071359
Bolivia,BOL,2033,13719742.599292552
Bolivia,BOL,2034,13832366.948881142
Bolivia,BOL,2035,13937767.85272405
Brazil,BRA,2026,213622324.64263874
Brazil,BRA,2027,214431005.65413842
Brazil,BRA,2028,215238436.2023622
Brazil,BRA,2029,216044414.01873982
Brazil,BRA,2030,216848725.56307712
Brazil,BRA,2031,217651158.84947056
Brazil,BRA,2032,218451504.32589263
Brazil,BRA,2033,219249554.896414
Brazil,BRA,2034,220045105.88249713
Brazil,BRA,2035,220837954.9805533
Barbados,BRB,2026,278922.51456223906
Barbados,BRB,2027,270871.34121859365
Barbados,BRB,2028,258220.97206226288
Barbados,BRB,2029,240742.9114434173
Barbados,BRB,2030,218212.42421511683
Barbados,BRB,2031,190407.32663511706
Barbados,BRB,2032,157107.85834135342
Barbados,BRB,2033,118096.63262405532
Barbados,BRB,2034,73158.59296118381
Barbados,BRB,2035,22080.970633102
Brunei Darussalam,BRN,2026,466040.26858331455
Brunei Darussalam,BRN,2027,461368.6263400858
Brunei Darussalam,BRN,2028,452067.9029720826
Brunei Darussalam,BRN,2029,437910.236305242
Brunei Darussalam,BRN,2030,418671.46574186336
Brunei Darussalam,BRN,2031,394129.96963985084
Brunei Darussalam,BRN,2032,364066.54076077224
Brunei Darussalam,BRN,2033,328264.3369236279
Brunei Darussalam,BRN,2034,286508.8376978069
Brunei Darussalam,BRN,2035,238587.8021570763
Bhutan,BTN,2026,797955.6847187505
Bhutan,BTN,2027,794849.9130351765
Bhutan,BTN,2028,787116.7293944045
Bhutan,BTN,2029,774528.2882750563
Bhutan,BTN,2030,756860.5025225761
Bhutan,BTN,2031,733891.827226118
Bhutan,BTN,2032,705403.1313381677
Bhutan,BTN,2033,671177.6480673945
Bhutan,BTN,2034,631000.9315666967
Bhutan,BTN,2035,584660.8147004507
Botswana,BWA,2026,2598917.4301864896
Botswana,BWA,2027,2631009.2983676535
Botswana,BWA,2028,2658153.9450301137
Botswana,BWA,2029,2680129.5365137886
Botswana,BWA,2030,2696718.031909761
Botswana,BWA,2031,2707703.8476233664
Botswana,BWA,2032,2712873.7218532176
Botswana,BWA,2033,2712016.6658770125
Botswana,BWA,2034,2704923.922186828
Botswana,BWA,2035,2691388.9237210792
Central African Republic,CAF,2026,5690533.672722115
Central African Republic,CAF,2027,5861568.278926618
Central African Republic,CAF,2028,6026142.053939935
Central African Republic,CAF,2029,6184058.553803151
Central African Republic,CAF,2030,6335126.5574598685
Central African Republic,CAF,2031,6479157.009446384
Central African Republic,CAF,2032,6615962.767127445
Central African Republic,CAF,2033,6745358.549884599
Central African Republic,CAF,2034,6867160.903321929
Central African Republic,CAF,2035,6981188.165054533
Canada,CAN,2026,41976622.54118255
Canada,CAN,2027,42291611.69832671
Canada,CAN,2028,42600347.50739461
Canada,CAN,2029,42902921.2266282
Canada,CAN,2030,43199164.80425587
Canada,CAN,2031,43488893.35385239
Canada,CAN,2032,43771922.536695465
Canada,CAN,2033,44048069.77772921
Canada,CAN,2034,44317154.32091503
Canada,CAN,2035,44578997.20172565
Switzerland,CHE,2026,9172829.530143017
Switzerland,CHE,2027,9248241.62056431
Switzerland,CHE,2028,9318575.846719686
Switzerland,CHE,2029,9383624.840036318
Switzerland,CHE,2030,9443175.433882505
Switzerland,CHE,2031,9497016.176172392
Switzerland,CHE,2032,9544937.830245115
Switzerland,CHE,2033,9586733.372749396
Switzerland,CHE,2034,9622197.956001874
Switzerland,CHE,2035,9651128.86838447
Channel Islands,CHI,2026,164932.22578782542
Channel Islands,CHI,2027,157037.968865802
Channel Islands,CHI,2028,144535.37449999567
Channel Islands,CHI,2029,127196.1069324686
Channel Islands,CHI,2030,104795.5535577627
Channel Islands,CHI,2031,77111.6486018789
Channel Islands,CHI,2032,43924.74748218042
Channel Islands,CHI,2033,5017.577280528727
Channel Islands,CHI,2034,-39824.806677558925
Channel Islands,CHI,2035,-90815.06317629362
Chile,CHL,2026,19950500.18965612
Chile,CHL,2027,20036744.27448752
Chile,CHL,2028,20118461.848540198
Chile,CHL,2029,20195433.141630188
Chile,CHL,2030,20267438.61710306
Chile,CHL,2031,20334260.9849098
Chile,CHL,2032,20395685.305930555
Chile,CHL,2033,20451498.959841367
Chile,CHL,2034,20501491.60380563
Chile,CHL,2035,20545455.13112181
China,CHN,2026,1404254215.8687398
China,CHN,2027,1402032231.5838892
China,CHN,2028,1399920922.869872
China,CHN,2029,1397918766.211879
China,CHN,2030,1396024020.8311458
China,CHN,2031,1394234956.7896104
China,CHN,2032,1392549870.9450161
China,CHN,2033,1390967087.6756752
China,CHN,2034,1389484958.518162
China,CHN,2035,1388101861.7336388
Cote d'Ivoire,CIV,2026,33478598.37510886
Cote d'Ivoire,CIV,2027,34233935.59008184
Cote d'Ivoire,CIV,2028,34977371.5304015
Cote d'Ivoire,CIV,2029,35708810.01302259
Cote d'Ivoire,CIV,2030,36428161.708710656
Cote d'Ivoire,CIV,2031,37135338.09413287
Cote d'Ivoire,CIV,2032,37830251.008432835
Cote d'Ivoire,CIV,2033,38512812.612468824
Cote d'Ivoire,CIV,2034,39182935.377101436
Cote d'Ivoire,CIV,2035,39840532.07369441
Cameroon,CMR,2026,30624450.106826514
Cameroon,CMR,2027,31357919.045248672
Cameroon,CMR,2028,32079574.78455926
Cameroon,CMR,2029,32789320.141964372
Cameroon,CMR,2030,33487063.45135372
Cameroon,CMR,2031,34172713.78944084
Cameroon,CMR,2032,34846180.62329617
Cameroon,CMR,2033,35507373.77557884
Cameroon,CMR,2034,36156203.41272414
Cameroon,CMR,2035,36792580.034915015
"Congo, Dem. Rep.",COD,2026,116355517.69900373
"Congo, Dem. Rep.",COD,2027,119838427.78644776
"Congo, Dem. Rep.",COD,2028,123281109.85292687
"Congo, Dem. Rep.",COD,2029,126683957.09446825
"Congo, Dem. Rep.",COD,2030,130047390.38542244
"Congo, Dem. Rep.",COD,2031,133371825.43147752
"Congo, Dem. Rep.",COD,2032,136657670.5232661
"Congo, Dem. Rep.",COD,2033,139905326.485968
"Congo, Dem. Rep.",COD,2034,143115186.7848278
"Congo, Dem. Rep.",COD,2035,146287637.64009157
"Congo, Rep.",COG,2026,6630779.191918897
"Congo, Rep.",COG,2027,6771328.652940156
"Congo, Rep.",COG,2028,6905850.41865481
"Congo, Rep.",COG,2029,7034141.943145557
"Congo, Rep.",COG,2030,7156004.941284865
"Congo, Rep.",COG,2031,7271243.33089371
"Congo, Rep.",COG,2032,7379663.05003532
"Congo, Rep.",COG,2033,7481072.009536158
"Congo, Rep.",COG,2034,7575280.055759371
"Congo, Rep.",COG,2035,7662098.934645801
Colombia,COL,2026,53956123.05994327
Colombia,COL,2027,54478912.94419263
Colombia,COL,2028,54993937.634280324
Colombia,COL,2029,55501048.65538032
Colombia,COL,2030,56000092.99684544
Colombia,COL,2031,56490918.61167307
Colombia,COL,2032,56973374.7866703
Colombia,COL,2033,57447312.1446026
Colombia,COL,2034,57912582.6202907
Colombia,COL,2035,58369039.43521048
Comoros,COM,2026,895056.8432504793
Comoros,COM,2027,902758.512813925
Comoros,COM,2028,905705.8866315142
Comoros,COM,2029,903673.3292128947
Comoros,COM,2030,896438.9574975733
Comoros,COM,2031,883783.3977980993
Comoros,COM,2032,865489.656013216
Comoros,COM,2033,841343.0684391498
Comoros,COM,2034,811131.258998765
Comoros,COM,2035,774644.0975504662
Cabo Verde,CPV,2026,525897.8263072188
Cabo Verde,CPV,2027,520105.8330996725
Cabo Verde,CPV,2028,509702.33112249215
Cabo Verde,CPV,2029,494459.1553045367
Cabo Verde,CPV,2030,474151.86196214845
Cabo Verde,CPV,2031,448558.5520136451
Cabo Verde,CPV,2032,417459.74534159765
Cabo Verde,CPV,2033,380638.33130130003
Cabo Verde,CPV,2034,337879.5253370648
Cabo Verde,CPV,2035,288970.82666555373
Costa Rica,CRI,2026,5172057.993700126
Costa Rica,CRI,2027,5186833.8005476445
Costa Rica,CRI,2028,5197036.702343043
Costa Rica,CRI,2029,5202439.788409805
Costa Rica,CRI,2030,5202819.451877743
Costa Rica,CRI,2031,5197954.5936281085
Costa Rica,CRI,2032,5187626.524132563
Costa Rica,CRI,2033,5171618.9160644505
Costa Rica,CRI,2034,5149717.761193454
Costa Rica,CRI,2035,5121711.328214251
Cuba,CUB,2026,10891704.79487276
Cuba,CUB,2027,10843021.81508268
Cuba,CUB,2028,10790905.94476133
Cuba,CUB,2029,10735113.02462499
Cuba,CUB,2030,10675401.76395882
Cuba,CUB,2031,10611533.61642524
Cuba,CUB,2032,10543272.725826636
Cuba,CUB,2033,10470385.877609856
Cuba,CUB,2034,10392642.451488886
Cuba,CUB,2035,10309814.374842111
Curacao,CUW,2026,152619.61663821473
Curacao,CUW,2027,144611.63592969766
Curacao,CUW,2028,131995.60582513415
Curacao,CUW,2029,114543.49294083362
Curacao,CUW,2030,92030.6927550176
Curacao,CUW,2031,64235.12664410967
Curacao,CUW,2032,30937.1358726864
Curacao,CUW,2033,-8080.566526802722
Curacao,CUW,2034,-53032.9390771091
Curacao,CUW,2035,-104132.65420575126
Cayman Islands,CYM,2026,73344.26935813687
Cayman Islands,CYM,2027,66465.92071947851
Cayman Islands,CYM,2028,54960.999464565655
Cayman Islands,CYM,2029,38601.43030716397
Cayman Islands,CYM,2030,17162.88263614988
Cayman Islands,CYM,2031,-9576.430071221315
Cayman Islands,CYM,2032,-41835.8775629031
Cayman Islands,CYM,2033,-79832.46239089023
Cayman Islands,CYM,2034,-123780.86326867098
Cayman Islands,CYM,2035,-173893.4773540236
Cyprus,CYP,2026,1379230.7385403595
Cyprus,CYP,2027,1383271.4058703259
Cyprus,CYP,2028,1382632.967480503
Cyprus,CYP,2029,1377088.9344849237
Cyprus,CYP,2030,1366416.3050132883
Cyprus,CYP,2031,1350394.584858018
Cyprus,CYP,2032,1328805.676347375
Cyprus,CYP,2033,1301433.8302214066
Cyprus,CYP,2034,1268065.6026664688
Cyprus,CYP,2035,1228489.8133434437
Czechia,CZE,2026,10861504.156899778
Czechia,CZE,2027,10832407.359724786
Czechia,CZE,2028,10799614.057046037
Czechia,CZE,2029,10762903.719689162
Czechia,CZE,2030,10722040.601851795
Czechia,CZE,2031,10676790.341907058
Czechia,CZE,2032,10626921.110405928
Czechia,CZE,2033,10572203.648910498
Czechia,CZE,2034,10512411.229853004
Czechia,CZE,2035,10447319.611401362
Germany,DEU,2026,83449132.71253504
Germany,DEU,2027,83407046.05270396
Germany,DEU,2028,83365915.14090736
Germany,DEU,2029,83325529.37833343
Germany,DEU,2030,83285599.99420486
Germany,DEU,2031,83245836.01393506
Germany,DEU,2032,83205949.65621476
Germany,DEU,2033,83165656.66239776
Germany,DEU,2034,83124676.26283579
Germany,DEU,2035,83082731.1180505
Djibouti,DJI,2026,1195419.842368314
Djibouti,DJI,2027,1202282.9158457504
Djibouti,DJI,2028,1204420.7497980222
Djibouti,DJI,2029,1201607.4450951288
Djibouti,DJI,2030,1193620.7238995638
Djibouti,DJI,2031,1180240.8146340009
Djibouti,DJI,2032,1161250.3312883275
Djibouti,DJI,2033,1136434.224784472
Djibouti,DJI,2034,1105579.7401473182
Djibouti,DJI,2035,1068476.3747130167
Dominica,DMA,2026,61669.65440376778
Dominica,DMA,2027,53109.91627197567
Dominica,DMA,2028,39943.560281360464
Dominica,DMA,2029,21942.16589721822
Dominica,DMA,2030,-1118.9429201000603
Dominica,DMA,2031,-29461.893044988974
Dominica,DMA,2032,-63306.38920542272
Dominica,DMA,2033,-102869.76362209371
Dominica,DMA,2034,-148367.01945035532
Dominica,DMA,2035,-200010.87314794795
Denmark,DNK,2026,6037606.096069591
Denmark,DNK,2027,6061668.079388401
Denmark,DNK,2028,6081098.594958149
Denmark,DNK,2029,6095670.833836863
Denmark,DNK,2030,6105162.402716106
Denmark,DNK,2031,6109353.477633998
Denmark,DNK,2032,6108026.630683729
Denmark,DNK,2033,6100966.777524505
Denmark,DNK,2034,6087961.134200867
Denmark,DNK,2035,6068799.175252271
Dominican Republic,DOM,2026,11608911.428660924
Dominican Republic,DOM,2027,11692543.125441989
Dominican Republic,DOM,2028,11771158.695400279
Dominican Republic,DOM,2029,11844541.538175989
Dominican Republic,DOM,2030,11912477.716134425
Dominican Republic,DOM,2031,11974755.61822007
Dominican Republic,DOM,2032,12031165.897052547
Dominican Republic,DOM,2033,12081501.426259138
Dominican Republic,DOM,2034,12125557.25986217
Dominican Republic,DOM,2035,12163130.592405653
Algeria,DZA,2026,48046021.02036397
Algeria,DZA,2027,48647658.82866728
Algeria,DZA,2028,49240188.55923489
Algeria,DZA,2029,49823483.81519061
Algeria,DZA,2030,50397412.760519624
Algeria,DZA,2031,50961844.13984899
Algeria,DZA,2032,51516647.69113131
Algeria,DZA,2033,52061694.15591161
Algeria,DZA,2034,52596855.26098971
Algeria,DZA,2035,53122003.698321536
Ecuador,ECU,2026,18439667.02193759
Ecuador,ECU,2027,18584329.899992906
Ecuador,ECU,2028,18723656.079710457
Ecuador,ECU,2029,18857435.818747915
Ecuador,ECU,2030,18985462.792913325
Ecuador,ECU,2031,19107532.95291862
Ecuador,ECU,2032,19223444.40525879
Ecuador,ECU,2033,19332997.36723026
Ecuador,ECU,2034,19435994.127847865
Ecuador,ECU,2035,19532239.009749826
"Egypt, Arab Rep.",EGY,2026,120163393.90926619
"Egypt, Arab Rep.",EGY,2027,121940888.7183778
"Egypt, Arab Rep.",EGY,2028,123699288.87850887
"Egypt, Arab Rep.",EGY,2029,125438710.72109644
"Egypt, Arab Rep.",EGY,2030,127159218.96806799
"Egypt, Arab Rep.",EGY,2031,128860872.83334707
"Egypt, Arab Rep.",EGY,2032,130543729.35972975
"Egypt, Arab Rep.",EGY,2033,132207843.6838363
"Egypt, Arab Rep.",EGY,2034,133853269.08000444
"Egypt, Arab Rep.",EGY,2035,135480056.98788932
Eritrea,ERI,2026,3674359.920702192
Eritrea,ERI,2027,3736735.5143100377
Eritrea,ERI,2028,3793861.1250492237
Eritrea,ERI,2029,3845518.371710288
Eritrea,ERI,2030,3891494.626732643
Eritrea,ERI,2031,3931579.779670745
Eritrea,ERI,2032,3965565.9664525017
Eritrea,ERI,2033,3993247.512254079
Eritrea,ERI,2034,4014420.890311043
Eritrea,ERI,2035,4028884.6824581274
Spain,ESP,2026,49855351.539121255
Spain,ESP,2027,50348160.836851254
Spain,ESP,2028,50833329.120564476
Spain,ESP,2029,51310692.35086404
Spain,ESP,2030,51780093.42959437
Spain,ESP,2031,52241377.08938716
Spain,ESP,2032,52694389.50107364
Spain,ESP,2033,53138978.220347464
Spain,ESP,2034,53574992.15918535
Spain,ESP,2035,54002281.559431076
Estonia,EST,2026,1356321.2670505526
Estonia,EST,2027,1341923.2286326678
Estonia,EST,2028,1323068.9218085615
Estonia,EST,2029,1299530.440453806
Estonia,EST,2030,1271081.0900704395
Estonia,EST,2031,1237496.577516059
Estonia,EST,2032,1198555.0547385595
Estonia,EST,2033,1154037.0808608565
Estonia,EST,2034,1103725.5790495342
Estonia,EST,2035,1047405.7936465892
Ethiopia,ETH,2026,138852339.0920415
Ethiopia,ETH,2027,142195527.3919231
Ethiopia,ETH,2028,145501611.96335593
Ethiopia,ETH,2029,148770948.51230657
Ethiopia,ETH,2030,152003912.0275105
Ethiopia,ETH,2031,155200872.43773305
Ethiopia,ETH,2032,158362192.9647023
Ethiopia,ETH,2033,161488230.10446674
Ethiopia,ETH,2034,164579333.7240859
Ethiopia,ETH,2035,167635847.16500533
Finland,FIN,2026,5668441.102242535
Finland,FIN,2027,5686068.040533105
Finland,FIN,2028,5699115.23139698
Finland,FIN,2029,5707358.784758955
Finland,FIN,2030,5710575.517711019
Finland,FIN,2031,5708544.565839997
Finland,FIN,2032,5701047.458019538
Finland,FIN,2033,5687868.081489649
Finland,FIN,2034,5668792.639692326
Finland,FIN,2035,5643609.610212544
Fiji,FJI,2026,933636.2679115315
Fiji,FJI,2027,929755.8424499019
Fiji,FJI,2028,921265.961871601
Fiji,FJI,2029,907938.6150440327
Fiji,FJI,2030,889549.4557108375
Fiji,FJI,2031,865876.6772252745
Fiji,FJI,2032,836700.8906296764
Fiji,FJI,2033,801805.0754475556
Fiji,FJI,2034,760974.5363366654
Fiji,FJI,2035,713996.8607911053
France,FRA,2026,68886465.94443455
France,FRA,2027,69050392.49232693
France,FRA,2028,69211913.5886834
France,FRA,2029,69370788.94944121
France,FRA,2030,69526778.25334223
France,FRA,2031,69679643.76652367
France,FRA,2032,69829150.48511422
France,FRA,2033,69975066.10029311
France,FRA,2034,70117160.95131421
France,FRA,2035,70255207.97837012
Faroe Islands,FRO,2026,51288.529618882225
Faroe Islands,FRO,2027,43310.99718026718
Faroe Islands,FRO,2028,30719.047940167307
Faroe Islands,FRO,2029,13284.375237799773
Faroe Islands,FRO,2030,-9217.567590293591
Faroe Islands,FRO,2031,-37008.77886881749
Faroe Islands,FRO,2032,-70308.83674384188
Faroe Islands,FRO,2033,-109334.94887291966
Faroe Islands,FRO,2034,-154301.99584020127
Faroe Islands,FRO,2035,-205422.57349223783
"Micronesia, Fed. Sts.",FSM,2026,110333.16920536704
"Micronesia, Fed. Sts.",FSM,2027,102617.62369662337
"Micronesia, Fed. Sts.",FSM,2028,90288.14117700112
"Micronesia, Fed. Sts.",FSM,2029,73116.43419655273
"Micronesia, Fed. Sts.",FSM,2030,50877.9670788885
"Micronesia, Fed. Sts.",FSM,2031,23350.751806680404
"Micronesia, Fed. Sts.",FSM,2032,-9684.779594916268
"Micronesia, Fed. Sts.",FSM,2033,-48445.82470766816
"Micronesia, Fed. Sts.",FSM,2034,-93147.25413080712
"Micronesia, Fed. Sts.",FSM,2035,-144001.6538148825
Gabon,GAB,2026,2642965.603614472
Gabon,GAB,2027,2687939.5527787195
Gabon,GAB,2028,2727810.523042918
Gabon,GAB,2029,2762359.3772149985
Gabon,GAB,2030,2791370.756602988
Gabon,GAB,2031,2814631.7192512667
Gabon,GAB,2032,2831931.6031720955
Gabon,GAB,2033,2843061.978174809
Gabon,GAB,2034,2847816.6046628747
Gabon,GAB,2035,2845991.393526053
United Kingdom,GBR,2026,69651876.02296971
United Kingdom,GBR,2027,69811872.84181975
United Kingdom,GBR,2028,69969363.89374743
United Kingdom,GBR,2029,70124292.57355252
United Kingdom,GBR,2030,70276430.40188317
United Kingdom,GBR,2031,70425539.16721295
United Kingdom,GBR,2032,70571382.52513519
United Kingdom,GBR,2033,70713726.78592558
United Kingdom,GBR,2034,70852340.92629296
United Kingdom,GBR,2035,70986996.546119
Georgia,GEO,2026,4055815.5157098076
Georgia,GEO,2027,4170361.0539077576
Georgia,GEO,2028,4279046.018646444
Georgia,GEO,2029,4381655.809436005
Georgia,GEO,2030,4477988.006805453
Georgia,GEO,2031,4567843.012318876
Georgia,GEO,2032,4651023.340593981
Georgia,GEO,2033,4727333.53329766
Georgia,GEO,2034,4796580.118366833
Georgia,GEO,2035,4858571.573021375
Ghana,GHA,2026,35691806.53591327
Ghana,GHA,2027,36309424.39426115
Ghana,GHA,2028,36916970.459973946
Ghana,GHA,2029,37514321.8868434
Ghana,GHA,2030,38101358.93256062
Ghana,GHA,2031,38677962.84728995
Ghana,GHA,2032,39244015.70557073
Ghana,GHA,2033,39799400.378046215
Ghana,GHA,2034,40344000.51348202
Ghana,GHA,2035,40877700.521766186
Gibraltar,GIB,2026,37038.89931493206
Gibraltar,GIB,2027,29577.989771974855
Gibraltar,GIB,2028,17495.382119305374
Gibraltar,GIB,2029,562.9160298104398
Gibraltar,GIB,2030,-21443.8335619407
Gibraltar,GIB,2031,-48746.74694244773
Gibraltar,GIB,2032,-81565.28622954525
Gibraltar,GIB,2033,-120116.5449227367
Gibraltar,GIB,2034,-164615.2912802623
Gibraltar,GIB,2035,-215274.01062461513
Guinea,GIN,2026,15437407.814547287
Guinea,GIN,2027,15767462.853360374
Guinea,GIN,2028,16089710.134471228
Guinea,GIN,2029,16403982.26223024
Guinea,GIN,2030,16710114.33151681
Guinea,GIN,2031,17007943.031513542
Guinea,GIN,2032,17297306.554298326
Guinea,GIN,2033,17578044.561662942
Guinea,GIN,2034,17849998.156528573
Guinea,GIN,2035,18113009.855099678
"Gambia, The",GMB,2026,2879774.2211554353
"Gambia, The",GMB,2027,2932511.784281045
"Gambia, The",GMB,2028,2980065.715390428
"Gambia, The",GMB,2029,3022218.347398769
"Gambia, The",GMB,2030,3058755.7787108836
"Gambia, The",GMB,2031,3089466.502282084
"Gambia, The",GMB,2032,3114141.2685372895
"Gambia, The",GMB,2033,3132573.037518759
"Gambia, The",GMB,2034,3144556.938041498
"Gambia, The",GMB,2035,3149890.2279412067
Guinea-Bissau,GNB,2026,2293394.162385574
Guinea-Bissau,GNB,2027,2332463.786849824
Guinea-Bissau,GNB,2028,2366481.149046818
Guinea-Bissau,GNB,2029,2395226.08859519
Guinea-Bissau,GNB,2030,2418482.2649810556
Guinea-Bissau,GNB,2031,2436035.7714749128
Guinea-Bissau,GNB,2032,2447674.9963860773
Guinea-Bissau,GNB,2033,2453190.574523193
Guinea-Bissau,GNB,2034,2452375.345741794
Guinea-Bissau,GNB,2035,2445024.314599129
Equatorial Guinea,GNQ,2026,1980126.4105860032
Equatorial Guinea,GNQ,2027,2017023.6180347602
Equatorial Guinea,GNQ,2028,2048875.8876701663
Equatorial Guinea,GNQ,2029,2075462.564165986
Equatorial Guinea,GNQ,2030,2096567.0675061548
Equatorial Guinea,GNQ,2031,2111975.2727125906
Equatorial Guinea,GNQ,2032,2121475.3542307983
Equatorial Guinea,GNQ,2033,2124857.736130976
Equatorial Guinea,GNQ,2034,2121915.0505180694
Equatorial Guinea,GNQ,2035,2112442.0971304113
Greece,GRC,2026,10420207.148512078
Greece,GRC,2027,10422669.848874269
Greece,GRC,2028,10421045.647538647
Greece,GRC,2029,10415096.843724314
Greece,GRC,2030,10404592.947708445
Greece,GRC,2031,10389306.361025535
Greece,GRC,2032,10369012.023569053
Greece,GRC,2033,10343487.346283024
Greece,GRC,2034,10312512.165028688
Greece,GRC,2035,10275868.696624326
Grenada,GRD,2026,113529.65035892953
Grenada,GRD,2027,105395.88090597384
Grenada,GRD,2028,92653.51280838065
Grenada,GRD,2029,75074.1763183847
Grenada,GRD,2030,52433.24579240981
Grenada,GRD,2031,24508.644036204787
Grenada,GRD,2032,-8919.284725930542
Grenada,GRD,2033,-48067.82447991776
Grenada,GRD,2034,-93151.93085205578
Grenada,GRD,2035,-144384.2734650356
Greenland,GRL,2026,52958.109758759616
Greenland,GRL,2027,44722.50959140767
Greenland,GRL,2028,31875.77503666951
Greenland,GRL,2029,14189.541936690977
Greenland,GRL,2030,-8560.792153967777
Greenland,GRL,2031,-36597.280395024805
Greenland,GRL,2032,-70139.55488915229
Greenland,GRL,2033,-109404.87639019056
Greenland,GRL,2034,-154608.17773252085
Greenland,GRL,2035,-205962.10618064192
Guatemala,GTM,2026,18963389.66936295
Guatemala,GTM,2027,19232280.570664454
Guatemala,GTM,2028,19494339.567245312
Guatemala,GTM,2029,19749382.26742227
Guatemala,GTM,2030,19997228.09638324
Guatemala,GTM,2031,20237698.402631275
Guatemala,GTM,2032,20470616.29115924
Guatemala,GTM,2033,20695806.581126958
Guatemala,GTM,2034,20913095.77295587
Guatemala,GTM,2035,21122312.016567502
Guam,GUM,2026,166340.39587664057
Guam,GUM,2027,159310.86114907142
Guam,GUM,2028,147662.45485197287
Guam,GUM,2029,131167.0058945499
Guam,GUM,2030,109600.08164039016
Guam,GUM,2031,82739.79470933403
Guam,GUM,2032,50366.67616870132
Guam,GUM,2033,12263.625965277432
Guam,GUM,2034,-31784.13045638788
Guam,GUM,2035,-81989.0844631379
Guyana,GUY,2026,837016.3087076328
Guyana,GUY,2027,833673.3432719002
Guyana,GUY,2028,825708.3935812442
Guyana,GUY,2029,812893.4847575693
Guyana,GUY,2030,795004.4464321082
Guyana,GUY,2031,771819.6550125438
Guyana,GUY,2032,743119.9022944337
Guyana,GUY,2033,708688.3456186712
Guyana,GUY,2034,668310.4645236079
Guyana,GUY,2035,621774.0184910126
"Hong Kong SAR, China",HKG,2026,7469617.743391847
"Hong Kong SAR, China",HKG,2027,7436682.221982505
"Hong Kong SAR, China",HKG,2028,7399900.956236032
"Hong Kong SAR, China",HKG,2029,7359039.367596462
"Hong Kong SAR, China",HKG,2030,7313862.345621119
"Hong Kong SAR, China",HKG,2031,7264137.188911594
"Hong Kong SAR, China",HKG,2032,7209633.772490311
"Hong Kong SAR, China",HKG,2033,7150124.516665059
"Hong Kong SAR, China",HKG,2034,7085384.342318107
"Hong Kong SAR, China",HKG,2035,7015190.625891566
Honduras,HND,2026,11180648.738209158
Honduras,HND,2027,11349578.520041035
Honduras,HND,2028,11512416.718080366
Honduras,HND,2029,11668964.04800806
Honduras,HND,2030,11819024.801556792
Honduras,HND,2031,11962405.391868623
Honduras,HND,2032,12098914.214658072
Honduras,HND,2033,12228361.604420846
Honduras,HND,2034,12350559.798000423
Honduras,HND,2035,12465322.899205849
Croatia,HRV,2026,3882685.8210101263
Croatia,HRV,2027,3884938.7025315254
Croatia,HRV,2028,3882693.457688395
Croatia,HRV,2029,3875719.855048184
Croatia,HRV,2030,3863792.509394824
Croatia,HRV,2031,3846688.6771547277
Croatia,HRV,2032,3824188.056690032
Croatia,HRV,2033,3796072.733241363
Croatia,HRV,2034,3762127.1349025937
Croatia,HRV,2035,3722137.990020276
Haiti,HTI,2026,12034807.319715537
Haiti,HTI,2027,12158266.620887738
Haiti,HTI,2028,12276247.173669662
Haiti,HTI,2029,12388539.82042752
Haiti,HTI,2030,12494938.64782088
Haiti,HTI,2031,12595239.992129887
Haiti,HTI,2032,12689242.330986176
Haiti,HTI,2033,12776746.239348354
Haiti,HTI,2034,12857554.350662403
Haiti,HTI,2035,12931471.31895589
Hungary,HUN,2026,9462413.265987175
Hungary,HUN,2027,9407301.662049402
Hungary,HUN,2028,9348740.820091425
Hungary,HUN,2029,9286491.552552316
Hungary,HUN,2030,9220312.67503504
Hungary,HUN,2031,9149965.400515556
Hungary,HUN,2032,9075213.609585881
Hungary,HUN,2033,8995823.8252187
Hungary,HUN,2034,8911565.167016197
Hungary,HUN,2035,8822209.304680377
Indonesia,IDN,2026,287937134.21980155
Indonesia,IDN,2027,290139036.6355959
Indonesia,IDN,2028,292327211.48216254
Indonesia,IDN,2029,294501700.1845434
Indonesia,IDN,2030,296662526.80459845
Indonesia,IDN,2031,298809713.09873956
Indonesia,IDN,2032,300943279.6137791
Indonesia,IDN,2033,303063245.779748
Indonesia,IDN,2034,305169629.9304327
Indonesia,IDN,2035,307262449.3184856
Isle of Man,IMN,2026,80205.80048206414
Isle of Man,IMN,2027,71932.76918158593
Isle of Man,IMN,2028,59050.75492714229
Isle of Man,IMN,2029,41331.386191758094
Isle of Man,IMN,2030,18550.033462174237
Isle of Man,IMN,2031,-9515.38445217826
Isle of Man,IMN,2032,-43084.52730942785
Isle of Man,IMN,2033,-82374.68305445882
Isle of Man,IMN,2034,-127600.81124888838
Isle of Man,IMN,2035,-178975.58542756992
India,IND,2026,1476732940.9512253
India,IND,2027,1489530314.8281546
India,IND,2028,1502258386.9054675
India,IND,2029,1514918485.3272195
India,IND,2030,1527511960.7243624
India,IND,2031,1540040145.9302497
India,IND,2032,1552504353.405171
India,IND,2033,1564905875.3641353
India,IND,2034,1577245984.0937612
India,IND,2035,1589525932.2777805
Ireland,IRL,2026,5568681.276281608
Ireland,IRL,2027,5647914.592197833
Ireland,IRL,2028,5721808.932733235
Ireland,IRL,2029,5790148.671947403
Ireland,IRL,2030,5852723.341533124
Ireland,IRL,2031,5909324.918326553
Ireland,IRL,2032,5959747.591686496
Ireland,IRL,2033,6003787.7095817495
Ireland,IRL,2034,6041243.7380998945
Ireland,IRL,2035,6071916.222496565
"Iran, Islamic Rep.",IRN,2026,93251652.26375797
"Iran, Islamic Rep.",IRN,2027,94076226.06254838
"Iran, Islamic Rep.",IRN,2028,94891761.82706706
"Iran, Islamic Rep.",IRN,2029,95698173.48686276
"Iran, Islamic Rep.",IRN,2030,96495343.82528543
"Iran, Islamic Rep.",IRN,2031,97283154.22229353
"Iran, Islamic Rep.",IRN,2032,98061486.77343439
"Iran, Islamic Rep.",IRN,2033,98830224.42505623
"Iran, Islamic Rep.",IRN,2034,99589250.96729974
"Iran, Islamic Rep.",IRN,2035,100338451.01713118
Iraq,IRQ,2026,47987936.06742367
Iraq,IRQ,2027,48941839.637156114
Iraq,IRQ,2028,49882311.80257939
Iraq,IRQ,2029,50809286.45517285
Iraq,IRQ,2030,51722705.03293648
Iraq,IRQ,2031,52622509.38996965
Iraq,IRQ,2032,53508641.28250608
Iraq,IRQ,2033,54381042.330179036
Iraq,IRQ,2034,55239654.01143329
Iraq,IRQ,2035,56084417.661403745
Iceland,ISL,2026,394742.81568049174
Iceland,ISL,2027,392689.47206517967
Iceland,ISL,2028,385972.2567114336
Iceland,ISL,2029,374362.1167264811
Iceland,ISL,2030,357635.36878704786
Iceland,ISL,2031,335570.9792928969
Iceland,ISL,2032,307950.3281164557
Iceland,ISL,2033,274557.1513782539
Iceland,ISL,2034,235177.49771591194
Iceland,ISL,2035,189599.6861472634
Israel,ISR,2026,10236421.232553422
Israel,ISR,2027,10344704.94969723
Israel,ISR,2028,10447572.240326753
Israel,ISR,2029,10544822.763665736
Israel,ISR,2030,10636249.53705955
Israel,ISR,2031,10721647.14256644
Israel,ISR,2032,10800812.279136537
Israel,ISR,2033,10873543.765612919
Israel,ISR,2034,10939642.504866233
Israel,ISR,2035,10998911.445705673
Italy,ITA,2026,58878207.132387996
Italy,ITA,2027,58840461.15015896
Italy,ITA,2028,58802163.698705256
Italy,ITA,2029,58763037.90857841
Italy,ITA,2030,58722808.44292951
Italy,ITA,2031,58681203.1696406
Italy,ITA,2032,58637953.22726412
Italy,ITA,2033,58592792.976461545
Italy,ITA,2034,58545459.94406563
Italy,ITA,2035,58495694.76744619
Jamaica,JAM,2026,2831190.2647428093
Jamaica,JAM,2027,2821131.7455428448
Jamaica,JAM,2028,2806658.648415433
Jamaica,JAM,2029,2787540.6574801845
Jamaica,JAM,2030,2763550.71449218
Jamaica,JAM,2031,2734464.3141423357
Jamaica,JAM,2032,2700059.411659132
Jamaica,JAM,2033,2660116.375047989
Jamaica,JAM,2034,2614417.941186079
Jamaica,JAM,2035,2562749.172832882
Jordan,JOR,2026,11475314.954605754
Jordan,JOR,2027,11426066.01594772
Jordan,JOR,2028,11373375.413641473
Jordan,JOR,2029,11317047.74125517
Jordan,JOR,2030,11256844.676216304
Jordan,JOR,2031,11192527.36104308
Jordan,JOR,2032,11123859.40183912
Jordan,JOR,2033,11050607.038911678
Jordan,JOR,2034,10972539.114990653
Jordan,JOR,2035,10889427.029607218
Japan,JPN,2026,122763634.48572002
Japan,JPN,2027,122170881.58330165
Japan,JPN,2028,121588400.13674365
Japan,JPN,2029,121015769.98734507
Japan,JPN,2030,120452551.90165728
Japan,JPN,2031,119898310.88438825
Japan,JPN,2032,119352617.75805315
Japan,JPN,2033,118815049.18319106
Japan,JPN,2034,118285187.56807245
Japan,JPN,2035,117762620.9719398
Kazakhstan,KAZ,2026,21088597.27863009
Kazakhstan,KAZ,2027,21327275.70020273
Kazakhstan,KAZ,2028,21559623.445025414
Kazakhstan,KAZ,2029,21785452.060861133
Kazakhstan,KAZ,2030,22004573.272594966
Kazakhstan,KAZ,2031,22216800.58720593
Kazakhstan,KAZ,2032,22421949.376271848
Kazakhstan,KAZ,2033,22619836.84964025
Kazakhstan,KAZ,2034,22810282.021788783
Kazakhstan,KAZ,2035,22993105.67815849
Kenya,KEN,2026,58619304.46683104
Kenya,KEN,2027,59692023.801177844
Kenya,KEN,2028,60750516.37636301
Kenya,KEN,2029,61794734.818829596
Kenya,KEN,2030,62824637.65473579
Kenya,KEN,2031,63840183.46903534
Kenya,KEN,2032,64841330.48806104
Kenya,KEN,2033,65828036.551593035
Kenya,KEN,2034,66800259.112853214
Kenya,KEN,2035,67757955.240458
Kyrgyz Republic,KGZ,2026,7459359.177381625
Kyrgyz Republic,KGZ,2027,7570271.417938893
Kyrgyz Republic,KGZ,2028,7675571.865068436
Kyrgyz Republic,KGZ,2029,7775051.926222442
Kyrgyz Republic,KGZ,2030,7868506.50080554
Kyrgyz Republic,KGZ,2031,7955732.738394642
Kyrgyz Republic,KGZ,2032,8036529.912982527
Kyrgyz Republic,KGZ,2033,8110699.37795374
Kyrgyz Republic,KGZ,2034,8178044.52742542
Kyrgyz Republic,KGZ,2035,8238370.758602498
Cambodia,KHM,2026,18051523.76447336
Cambodia,KHM,2027,18249247.132835533
Cambodia,KHM,2028,18440954.804915003
Cambodia,KHM,2029,18626450.107320543
Cambodia,KHM,2030,18805538.305951208
Cambodia,KHM,2031,18978026.665469978
Cambodia,KHM,2032,19143724.419327695
Cambodia,KHM,2033,19302442.73390092
Cambodia,KHM,2034,19453994.672736764
Cambodia,KHM,2035,19598195.161326468
Kiribati,KIR,2026,134569.11092882766
Kiribati,KIR,2027,128268.35792386357
Kiribati,KIR,2028,117337.78020253131
Kiribati,KIR,2029,101549.37290120288
Kiribati,KIR,2030,80678.88026985183
Kiribati,KIR,2031,54504.58992100344
Kiribati,KIR,2032,22807.20516247698
Kiribati,KIR,2033,-14630.204589877976
Kiribati,KIR,2034,-58022.247153542936
Kiribati,KIR,2035,-107581.2498445427
St. Kitts and Nevis,KNA,2026,43129.439030575624
St. Kitts and Nevis,KNA,2027,34972.41188962973
St. Kitts and Nevis,KNA,2028,22202.654665315058
St. Kitts and Nevis,KNA,2029,4591.837398467294
St. Kitts and Nevis,KNA,2030,-18084.61760402436
St. Kitts and Nevis,KNA,2031,-46048.73979345895
St. Kitts and Nevis,KNA,2032,-79520.13799860817
St. Kitts and Nevis,KNA,2033,-118716.0500843568
St. Kitts and Nevis,KNA,2034,-163851.38637180417
St. Kitts and Nevis,KNA,2035,-215138.77198155678
"Korea, Rep.",KOR,2026,51610526.36336674
"Korea, Rep.",KOR,2027,51535681.12959315
"Korea, Rep.",KOR,2028,51460247.60038923
"Korea, Rep.",KOR,2029,51383980.75964703
"Korea, Rep.",KOR,2030,51306605.41878322
"Korea, Rep.",KOR,2031,51227847.34297231
"Korea, Rep.",KOR,2032,51147435.43211855
"Korea, Rep.",KOR,2033,51065101.82375355
"Korea, Rep.",KOR,2034,50980581.847534224
"Korea, Rep.",KOR,2035,50893613.96992265
Kuwait,KWT,2026,4824733.56472618
Kuwait,KWT,2027,4780170.53200342
Kuwait,KWT,2028,4731715.635966121
Kuwait,KWT,2029,4679155.370547572
Kuwait,KWT,2030,4622255.724593844
Kuwait,KWT,2031,4560783.665186299
Kuwait,KWT,2032,4494508.636721078
Kuwait,KWT,2033,4423202.625350021
Kuwait,KWT,2034,4346640.121064628
Kuwait,KWT,2035,4264598.0731007755
Lao PDR,LAO,2026,7971561.352238213
Lao PDR,LAO,2027,8064941.174912065
Lao PDR,LAO,2028,8152956.878699461
Lao PDR,LAO,2029,8235396.037987417
Lao PDR,LAO,2030,8312049.486492023
Lao PDR,LAO,2031,8382710.35226682
Lao PDR,LAO,2032,8447173.950838562
Lao PDR,LAO,2033,8505237.74056833
Lao PDR,LAO,2034,8556701.28306406
Lao PDR,LAO,2035,8601366.204528581
Lebanon,LBN,2026,5889629.254391241
Lebanon,LBN,2027,5925353.340262293
Lebanon,LBN,2028,5956296.401121944
Lebanon,LBN,2029,5982231.143869191
Lebanon,LBN,2030,6002937.526451562
Lebanon,LBN,2031,6018198.2416813
Lebanon,LBN,2032,6027798.3528026175
Lebanon,LBN,2033,6031525.227883633
Lebanon,LBN,2034,6029168.49629299
Lebanon,LBN,2035,6020520.007374636
Liberia,LBR,2026,5844598.60204331
Liberia,LBR,2027,5952540.533899693
Liberia,LBR,2028,6054805.51799521
Liberia,LBR,2029,6151185.715385148
Liberia,LBR,2030,6241476.637181198
Liberia,LBR,2031,6325476.023856465
Liberia,LBR,2032,6402983.72835156
Liberia,LBR,2033,6473801.671850114
Liberia,LBR,2034,6537733.805337432
Liberia,LBR,2035,6594586.072129136
Libya,LBY,2026,7531913.304589346
Libya,LBY,2027,7600437.336911397
Libya,LBY,2028,7663876.808677241
Libya,LBY,2029,7722013.11137964
Libya,LBY,2030,7774632.083398317
Libya,LBY,2031,7821522.014696619
Libya,LBY,2032,7862473.464785039
Libya,LBY,2033,7897279.211530268
Libya,LBY,2034,7925734.209962818
Libya,LBY,2035,7947635.552393839
St. Lucia,LCA,2026,176683.07007075334
St. Lucia,LCA,2027,168856.76646342396
St. Lucia,LCA,2028,156422.04313553445
St. Lucia,LCA,2029,139150.55566550943
St. Lucia,LCA,2030,116817.69583424903
St. Lucia,LCA,2031,89201.40312440804
St. Lucia,LCA,2032,56082.03820665303
St. Lucia,LCA,2033,17242.333351171692
St. Lucia,LCA,2034,-27532.650996492477
St. Lucia,LCA,2035,-78455.56856797682
Liechtenstein,LIE,2026,37718.7104183411
Liechtenstein,LIE,2027,30042.497418773477
Liechtenstein,LIE,2028,17747.289463083318
Liechtenstein,LIE,2029,604.8698538572062
Liechtenstein,LIE,2030,-21609.233111250214
Liechtenstein,LIE,2031,-49116.94497809897
Liechtenstein,LIE,2032,-82137.77235750237
Liechtenstein,LIE,2033,-120888.85253030923
Liechtenstein,LIE,2034,-165584.99683907907
Liechtenstein,LIE,2035,-216438.73300515127
Sri Lanka,LKA,2026,21592467.268312052
Sri Lanka,LKA,2027,21427685.746727575
Sri Lanka,LKA,2028,21261559.23901312
Sri Lanka,LKA,2029,21093823.740251746
Sri Lanka,LKA,2030,20924206.27851222
Sri Lanka,LKA,2031,20752436.26922477
Sri Lanka,LKA,2032,20578246.277399972
Sri Lanka,LKA,2033,20401372.019931037
Sri Lanka,LKA,2034,20221552.31414925
Sri Lanka,LKA,2035,20038529.02333839
Lesotho,LSO,2026,2385191.2132500843
Lesotho,LSO,2027,2402523.518476669
Lesotho,LSO,2028,2415076.7147894413
Lesotho,LSO,2029,2422626.077653487
Lesotho,LSO,2030,2424950.6223874744
Lesotho,LSO,2031,2421831.8611360053
Lesotho,LSO,2032,2413053.673280577
Lesotho,LSO,2033,2398402.256457646
Lesotho,LSO,2034,2377666.083992114
Lesotho,LSO,2035,2350635.8634073464
Lithuania,LTU,2026,2884411.058395102
Lithuania,LTU,2027,2875786.0343204946
Lithuania,LTU,2028,2862726.7634262647
Lithuania,LTU,2029,2845008.2482324713
Lithuania,LTU,2030,2822404.054177611
Lithuania,LTU,2031,2794689.9586574067
Lithuania,LTU,2032,2761644.171388034
Lithuania,LTU,2033,2723047.309169882
Lithuania,LTU,2034,2678682.3536599963
Lithuania,LTU,2035,2628334.608562016
Luxembourg,LUX,2026,692936.5719178311
Luxembourg,LUX,2027,694456.0910908466
Luxembourg,LUX,2028,691284.4509833644
Luxembourg,LUX,2029,683195.0771319829
Luxembourg,LUX,2030,669964.9523360167
Luxembourg,LUX,2031,651373.5715068372
Luxembourg,LUX,2032,627202.8258219444
Luxembourg,LUX,2033,597236.9542686124
Luxembourg,LUX,2034,561262.5006610649
Luxembourg,LUX,2035,519068.27167384943
Latvia,LVA,2026,1825837.9972766715
Latvia,LVA,2027,1799857.6851430573
Latvia,LVA,2028,1769595.7530523636
Latvia,LVA,2029,1734819.0458885883
Latvia,LVA,2030,1695297.8962730705
Latvia,LVA,2031,1650805.2434781985
Latvia,LVA,2032,1601116.5277514486
Latvia,LVA,2033,1546009.6410019235
Latvia,LVA,2034,1485264.8821941204
Latvia,LVA,2035,1418664.9137281422
"Macao SAR, China",MAC,2026,680320.0091809502
"Macao SAR, China",MAC,2027,670390.1100546763
"Macao SAR, China",MAC,2028,655905.9595449041
"Macao SAR, China",MAC,2029,636641.5718688208
"Macao SAR, China",MAC,2030,612371.740925591
"Macao SAR, China",MAC,2031,582873.6087242318
"Macao SAR, China",MAC,2032,547926.7366761974
"Macao SAR, China",MAC,2033,507313.0700120521
"Macao SAR, China",MAC,2034,460816.8951645472
"Macao SAR, China",MAC,2035,408224.79727862985
St. Martin (French part),MAF,2026,19909.169680411636
St. Martin (French part),MAF,2027,10527.709572388325
St. Martin (French part),MAF,2028,-3452.800669219927
St. Martin (French part),MAF,2029,-22261.000744573656
St. Martin (French part),MAF,2030,-46121.71369200491
St. Martin (French part),MAF,2031,-75257.206157709
St. Martin (French part),MAF,2032,-109887.32011218334
St. Martin (French part),MAF,2033,-150229.52285963343
St. Martin (French part),MAF,2034,-196498.95053884888
St. Martin (French part),MAF,2035,-248908.45052697975
Morocco,MAR,2026,38773372.00965969
Morocco,MAR,2027,39109673.00913261
Morocco,MAR,2028,39439551.26415706
Morocco,MAR,2029,39762828.20038374
Morocco,MAR,2030,40079322.87590255
Morocco,MAR,2031,40388855.861846775
Morocco,MAR,2032,40691249.4898199
Morocco,MAR,2033,40986327.83886683
Morocco,MAR,2034,41273916.70422129
Morocco,MAR,2035,41553843.56521951
Monaco,MCO,2026,34186.08194861276
Monaco,MCO,2027,25670.806129525532
Monaco,MCO,2028,12546.660772838863
Monaco,MCO,2029,-5414.766665004776
Monaco,MCO,2030,-28438.123569369898
Monaco,MCO,2031,-56745.50715285656
Monaco,MCO,2032,-90556.59287823329
Monaco,MCO,2033,-130088.68419091369
Monaco,MCO,2034,-175556.75596021686
Monaco,MCO,2035,-227173.49683977838
Moldova,MDA,2026,2316464.064407426
Moldova,MDA,2027,2268744.2422128078
Moldova,MDA,2028,2217046.412082257
Moldova,MDA,2029,2161127.517639568
Moldova,MDA,2030,2100752.5835120855
Moldova,MDA,2031,2035689.6445650072
Moldova,MDA,2032,1965709.3381129338
Moldova,MDA,2033,1890584.8317309807
Moldova,MDA,2034,1810091.7758478774
Moldova,MDA,2035,1724008.2587860834
Madagascar,MDG,2026,33506009.464413445
Madagascar,MDG,2027,34259639.25043869
Madagascar,MDG,2028,35001389.74649592
Madagascar,MDG,2029,35731165.09287943
Madagascar,MDG,2030,36448875.6301333
Madagascar,MDG,2031,37154432.46341659
Madagascar,MDG,2032,37847747.062961906
Madagascar,MDG,2033,38528731.22637513
Madagascar,MDG,2034,39197297.06705411
Madagascar,MDG,2035,39853357.00461139
Maldives,MDV,2026,527694.517157744
Maldives,MDV,2027,521356.9966733143
Maldives,MDV,2028,510414.85429449467
Maldives,MDV,2029,494639.7509666647
Maldives,MDV,2030,473807.1225565516
Maldives,MDV,2031,447694.95509771665
Maldives,MDV,2032,416083.6556795837
Maldives,MDV,2033,378756.00267894124
Maldives,MDV,2034,335497.10232928314
Maldives,MDV,2035,286094.34637414233
Mexico,MEX,2026,133021650.88780217
Mexico,MEX,2027,134086904.91530174
Mexico,MEX,2028,135142687.06673923
Mexico,MEX,2029,136188906.55341744
Mexico,MEX,2030,137225464.85816318
Mexico,MEX,2031,138252263.48238707
Mexico,MEX,2032,139269204.48965517
Mexico,MEX,2033,140276190.53207675
Mexico,MEX,2034,141273124.8397373
Mexico,MEX,2035,142259911.2076651
Marshall Islands,MHL,2026,31160.60418089718
Marshall Islands,MHL,2027,21690.44312161306
Marshall Islands,MHL,2028,7622.963096431689
Marshall Islands,MHL,2029,-11270.43906997086
Marshall Islands,MHL,2030,-35214.609089642414
Marshall Islands,MHL,2031,-64431.84011958935
Marshall Islands,MHL,2032,-99142.00050867186
Marshall Islands,MHL,2033,-139562.58352849132
Marshall Islands,MHL,2034,-185908.75086074334
Marshall Islands,MHL,2035,-238393.37500639865
North Macedonia,MKD,2026,1813732.4354355251
North Macedonia,MKD,2027,1802343.9023286286
North Macedonia,MKD,2028,1786493.7297649882
North Macedonia,MKD,2029,1765951.5738517242
North Macedonia,MKD,2030,1740490.8317296486
North Macedonia,MKD,2031,1709887.479815437
North Macedonia,MKD,2032,1673919.9487078553
North Macedonia,MKD,2033,1632369.0732085952
North Macedonia,MKD,2034,1585018.048385382
North Macedonia,MKD,2035,1531652.3867058132
Mali,MLI,2026,25909141.17003278
Mali,MLI,2027,26607981.979617275
Mali,MLI,2028,27295141.45429104
Mali,MLI,2029,27970516.546886303
Mali,MLI,2030,28634011.722456507
Mali,MLI,2031,29285532.38197023
Mali,MLI,2032,29924984.3795573
Mali,MLI,2033,30552273.97756691
Mali,MLI,2034,31167307.83322144
Mali,MLI,2035,31769992.987687808
Malta,MLT,2026,586225.343165066
Malta,MLT,2027,588262.6180116422
Malta,MLT,2028,585593.9651848577
Malta,MLT,2029,577994.587201698
Malta,MLT,2030,565241.7706390845
Malta,MLT,2031,547115.2054571949
Malta,MLT,2032,523396.9672015009
Malta,MLT,2033,493871.4756347782
Malta,MLT,2034,458325.45230888354
Malta,MLT,2035,416547.87868271593
Myanmar,MMR,2026,55195394.16218895
Myanmar,MMR,2027,55534857.42992534
Myanmar,MMR,2028,55868892.78936851
Myanmar,MMR,2029,56197308.838322416
Myanmar,MMR,2030,56519912.75299519
Myanmar,MMR,2031,56836513.48276281
Myanmar,MMR,2032,57146921.945281684
Myanmar,MMR,2033,57450951.00669725
Myanmar,MMR,2034,57748415.44694941
Myanmar,MMR,2035,58039131.924530655
Montenegro,MNE,2026,618873.1499144053
Montenegro,MNE,2027,610292.5945683823
Montenegro,MNE,2028,597140.5786491141
Montenegro,MNE,2029,579188.3831814381
Montenegro,MNE,2030,556210.9137014619
Montenegro,MNE,2031,527985.6232130692
Montenegro,MNE,2032,494292.3935546451
Montenegro,MNE,2033,454913.48625385924
Montenegro,MNE,2034,409633.49901460327
Montenegro,MNE,2035,358239.32323929545
Mongolia,MNG,2026,3609034.9587090854
Mongolia,MNG,2027,3644413.7573828427
Mongolia,MNG,2028,3674868.5707422737
Mongolia,MNG,2029,3700177.338032958
Mongolia,MNG,2030,3720121.9327206695
Mongolia,MNG,2031,3734486.697941635
Mongolia,MNG,2032,3743058.3016768727
Mongolia,MNG,2033,3745625.6873388505
Mongolia,MNG,2034,3741980.031826219
Mongolia,MNG,2035,3731914.704720154
Northern Mariana Islands,MNP,2026,38951.1133373091
Northern Mariana Islands,MNP,2027,30006.993316492764
Northern Mariana Islands,MNP,2028,16459.613822741027
Northern Mariana Islands,MNP,2029,-1919.563276166562
Northern Mariana Islands,MNP,2030,-25355.28161619883
Northern Mariana Islands,MNP,2031,-54069.73116009426
Northern Mariana Islands,MNP,2032,-88282.67849867034
Northern Mariana Islands,MNP,2033,-128211.51674048172
Northern Mariana Islands,MNP,2034,-174071.30898627976
Northern Mariana Islands,MNP,2035,-226074.83071336325
Mozambique,MOZ,2026,36618502.78325863
Mozambique,MOZ,2027,37591102.16159575
Mozambique,MOZ,2028,38549322.51093906
Mozambique,MOZ,2029,39493112.777384445
Mozambique,MOZ,2030,40422427.153025985
Mozambique,MOZ,2031,41337219.88277313
Mozambique,MOZ,2032,42237444.892696366
Mozambique,MOZ,2033,43123055.76463406
Mozambique,MOZ,2034,43994005.73563251
Mozambique,MOZ,2035,44850247.69913384
Mauritania,MRT,2026,5455409.178492164
Mauritania,MRT,2027,5589947.234805873
Mauritania,MRT,2028,5718456.677799765
Mauritania,MRT,2029,5840735.50587742
Mauritania,MRT,2030,5956585.125786271
Mauritania,MRT,2031,6065809.090251278
Mauritania,MRT,2032,6168212.972328063
Mauritania,MRT,2033,6263604.321949062
Mauritania,MRT,2034,6351792.628914207
Mauritania,MRT,2035,6432589.28687682
Mauritius,MUS,2026,1237984.911566181
Mauritius,MUS,2027,1227967.5383590166
Mauritius,MUS,2028,1213435.7561059748
Mauritius,MUS,2029,1194159.6586348326
Mauritius,MUS,2030,1169913.3487399821
Mauritius,MUS,2031,1140473.516383606
Mauritius,MUS,2032,1105619.2951070499
Mauritius,MUS,2033,1065132.2109024706
Mauritius,MUS,2034,1018796.1383696785
Mauritius,MUS,2035,966397.2580301161
Malawi,MWI,2026,22768651.975961603
Malawi,MWI,2027,23311446.182276342
Malawi,MWI,2028,23844281.3172681
Malawi,MWI,2029,24367024.184252717
Malawi,MWI,2030,24879548.77594821
Malawi,MWI,2031,25381730.444872804
Malawi,MWI,2032,25873445.466938443
Malawi,MWI,2033,26354570.992672186
Malawi,MWI,2034,26824985.026544802
Malawi,MWI,2035,27284566.408580285
Malaysia,MYS,2026,36390612.409520075
Malaysia,MYS,2027,36796113.166962504
Malaysia,MYS,2028,37194192.81017746
Malaysia,MYS,2029,37584686.38123621
Malaysia,MYS,2030,37967429.13173902
Malaysia,MYS,2031,38342257.76671238
Malaysia,MYS,2032,38709010.50662808
Malaysia,MYS,2033,39067527.064962685
Malaysia,MYS,2034,39417648.62011063
Malaysia,MYS,2035,39759217.78730473
Namibia,NAM,2026,3150780.42733298
Namibia,NAM,2027,3203792.714424804
Namibia,NAM,2028,3251633.451984902
Namibia,NAM,2029,3294086.309734109
Namibia,NAM,2030,3330937.3443974126
Namibia,NAM,2031,3361974.9107272774
Namibia,NAM,2032,3386989.6164582297
Namibia,NAM,2033,3405774.281026278
Namibia,NAM,2034,3418123.8951583505
Namibia,NAM,2035,3423835.5811140602
New Caledonia,NCL,2026,294135.03071766277
New Caledonia,NCL,2027,288556.01951778156
New Caledonia,NCL,2028,278348.3151213878
New Caledonia,NCL,2029,263283.96383314405
New Caledonia,NCL,2030,243138.74222809094
New Caledonia,NCL,2031,217690.96860707324
New Caledonia,NCL,2032,186721.37657059706
New Caledonia,NCL,2033,150013.06552591413
New Caledonia,NCL,2034,107351.45735756226
New Caledonia,NCL,2035,58524.254168052576
Niger,NER,2026,28791756.84028322
Niger,NER,2027,29652381.06738808
Niger,NER,2028,30499515.404400613
Niger,NER,2029,31333087.874709386
Niger,NER,2030,32153034.785859283
Niger,NER,2031,32959292.968651835
Niger,NER,2032,33751799.216934204
Niger,NER,2033,34530490.2445949
Niger,NER,2034,35295302.679736435
Niger,NER,2035,36046173.06154692
Nigeria,NGA,2026,242334101.25556815
Nigeria,NGA,2027,247092284.82885584
Nigeria,NGA,2028,251802463.79492575
Nigeria,NGA,2029,256465210.53438124
Nigeria,NGA,2030,261081119.39250597
Nigeria,NGA,2031,265650776.71602753
Nigeria,NGA,2032,270174758.8537273
Nigeria,NGA,2033,274653632.1630233
Nigeria,NGA,2034,279087953.1581872
Nigeria,NGA,2035,283478268.66633224
Nicaragua,NIC,2026,7094268.79901536
Nicaragua,NIC,2027,7175991.967182719
Nicaragua,NIC,2028,7252439.438488739
Nicaragua,NIC,2029,7323396.850389521
Nicaragua,NIC,2030,7388653.236174754
Nicaragua,NIC,2031,7447999.958764606
Nicaragua,NIC,2032,7501230.596157919
Nicaragua,NIC,2033,7548140.895829697
Nicaragua,NIC,2034,7588528.734669594
Nicaragua,NIC,2035,7622194.079897608
Netherlands,NLD,2026,18176307.156379078
Netherlands,NLD,2027,18260500.43973649
Netherlands,NLD,2028,18340076.713951495
Netherlands,NLD,2029,18414821.043161973
Netherlands,NLD,2030,18484515.08691622
Netherlands,NLD,2031,18548942.47463721
Netherlands,NLD,2032,18607889.151615515
Netherlands,NLD,2033,18661143.36447284
Netherlands,NLD,2034,18708495.62135279
Netherlands,NLD,2035,18749738.650907885
Norway,NOR,2026,5644473.375689672
Norway,NOR,2027,5673530.879528339
Norway,NOR,2028,5697864.802128527
Norway,NOR,2029,5717255.256838022
Norway,NOR,2030,5731481.600535786
Norway,NOR,2031,5740325.36760502
Norway,NOR,2032,5743570.440304997
Norway,NOR,2033,5741003.021289154
Norway,NOR,2034,5732411.592539417
Norway,NOR,2035,5717586.8739414
Nepal,NPL,2026,29584169.82536594
Nepal,NPL,2027,29548130.7829061
Nepal,NPL,2028,29509683.330782752
Nepal,NPL,2029,29468567.4234868
Nepal,NPL,2030,29424529.92313538
Nepal,NPL,2031,29377320.916910578
Nepal,NPL,2032,29326693.404229112
Nepal,NPL,2033,29272403.226703703
Nepal,NPL,2034,29214209.016296655
Nepal,NPL,2035,29151872.14552191
Naoero,NRU,2026,8230.264412509277
Naoero,NRU,2027,68.9668538828846
Naoero,NRU,2028,-12707.19812415808
Naoero,NRU,2029,-30326.539267861517
Naoero,NRU,2030,-53013.608973349095
Naoero,NRU,2031,-80990.41151766363
Naoero,NRU,2032,-114476.530973583
Naoero,NRU,2033,-153689.1808829779
Naoero,NRU,2034,-198843.2476715675
Naoero,NRU,2035,-250151.33298552863
New Zealand,NZL,2026,5351516.900343029
New Zealand,NZL,2027,5373643.334632186
New Zealand,NZL,2028,5391097.98145825
New Zealand,NZL,2029,5403673.888757743
New Zealand,NZL,2030,5411150.190098748
New Zealand,NZL,2031,5413307.269531199
New Zealand,NZL,2032,5409927.8101258315
New Zealand,NZL,2033,5400796.829275571
New Zealand,NZL,2034,5385701.641854295
New Zealand,NZL,2035,5364431.818815195
Oman,OMN,2026,5700489.1552227475
Oman,OMN,2027,5899600.255593386
Oman,OMN,2028,6091897.131014093
Oman,OMN,2029,6277197.283046046
Oman,OMN,2030,6455315.974883473
Oman,OMN,2031,6626070.012182409
Oman,OMN,2032,6789277.982852462
Oman,OMN,2033,6944760.243017824
Oman,OMN,2034,7092338.8852372505
Oman,OMN,2035,7231837.7059317455
Pakistan,PAK,2026,259148800.50829032
Pakistan,PAK,2027,263042438.8231085
Pakistan,PAK,2028,266899816.01587644
Pakistan,PAK,2029,270721264.26952326
Pakistan,PAK,2030,274507179.73504096
Pakistan,PAK,2031,278257956.47933227
Pakistan,PAK,2032,281973981.8467501
Pakistan,PAK,2033,285655636.2298476
Pakistan,PAK,2034,289303293.15512055
Pakistan,PAK,2035,292917319.3897077
Panama,PAN,2026,4622471.012767858
Panama,PAN,2027,4668991.213737046
Panama,PAN,2028,4710513.42475464
Panama,PAN,2029,4746817.764966127
Panama,PAN,2030,4777687.728836699
Panama,PAN,2031,4802909.218151404
Panama,PAN,2032,4822270.433218781
Panama,PAN,2033,4835561.826404836
Panama,PAN,2034,4842576.060753234
Panama,PAN,2035,4843107.9695703145
Peru,PER,2026,34928557.450044096
Peru,PER,2027,35273822.783254
Peru,PER,2028,35612315.40298259
Peru,PER,2029,35943859.562237024
Peru,PER,2030,36268278.986972004
Peru,PER,2031,36585398.97316763
Peru,PER,2032,36895046.507364064
Peru,PER,2033,37197050.24570595
Peru,PER,2034,37491240.483288184
Peru,PER,2035,37777449.12326132
Philippines,PHL,2026,117721720.46919449
Philippines,PHL,2027,118647880.7965586
Philippines,PHL,2028,119565328.24141912
Philippines,PHL,2029,120473945.31555642
Philippines,PHL,2030,121373615.16891767
Philippines,PHL,2031,122264221.81563438
Philippines,PHL,2032,123145650.13336404
Philippines,PHL,2033,124017785.84661047
Philippines,PHL,2034,124880515.50914869
Philippines,PHL,2035,125733726.48663639
Palau,PLW,2026,13759.43058836396
Palau,PLW,2027,5490.953972166812
Palau,PLW,2028,-7390.725890246336
Palau,PLW,2029,-25113.94234009192
Palau,PLW,2030,-47903.2744023198
Palau,PLW,2031,-75980.75272724859
Palau,PLW,2032,-109565.98734745348
Palau,PLW,2033,-148876.21734618337
Palau,PLW,2034,-194126.35427806014
Palau,PLW,2035,-245529.0245123111
Papua New Guinea,PNG,2026,10943709.603473594
Papua New Guinea,PNG,2027,11118644.210821483
Papua New Guinea,PNG,2028,11287398.509953551
Papua New Guinea,PNG,2029,11449774.602726549
Papua New Guinea,PNG,2030,11605578.221999375
Papua New Guinea,PNG,2031,11754617.204381522
Papua New Guinea,PNG,2032,11896701.346531434
Papua New Guinea,PNG,2033,12031642.361360483
Papua New Guinea,PNG,2034,12159253.841938283
Papua New Guinea,PNG,2035,12279351.226468392
Poland,POL,2026,36312496.10631473
Poland,POL,2027,36188531.820342615
Poland,POL,2028,36063661.84220131
Poland,POL,2029,35937604.62949471
Poland,POL,2030,35810083.55835988
Poland,POL,2031,35680825.443590164
Poland,POL,2032,35549560.378241345
Poland,POL,2033,35416021.66886729
Poland,POL,2034,35279945.77847004
Poland,POL,2035,35141072.27083625
Puerto Rico (US),PRI,2026,3162500.7225784226
Puerto Rico (US),PRI,2027,3136141.8248757445
Puerto Rico (US),PRI,2028,3105584.2824273026
Puerto Rico (US),PRI,2029,3070599.2398895123
Puerto Rico (US),PRI,2030,3030956.3209393625
Puerto Rico (US),PRI,2031,2986427.4138045246
Puerto Rico (US),PRI,2032,2936786.900477804
Puerto Rico (US),PRI,2033,2881811.631180004
Puerto Rico (US),PRI,2034,2821280.881189291
Puerto Rico (US),PRI,2035,2754976.307056836
"Korea, Dem. People's Rep.",PRK,2026,26639502.09611023
"Korea, Dem. People's Rep.",PRK,2027,26704335.864662264
"Korea, Dem. People's Rep.",PRK,2028,26765327.9906724
"Korea, Dem. People's Rep.",PRK,2029,26822248.362368364
"Korea, Dem. People's Rep.",PRK,2030,26874867.79638665
"Korea, Dem. People's Rep.",PRK,2031,26922959.554805998
"Korea, Dem. People's Rep.",PRK,2032,26966299.4114506
"Korea, Dem. People's Rep.",PRK,2033,27004665.614671767
"Korea, Dem. People's Rep.",PRK,2034,27037838.843358018
"Korea, Dem. People's Rep.",PRK,2035,27065602.16311164
Portugal,PRT,2026,10910105.919810846
Portugal,PRT,2027,11010282.466215432
Portugal,PRT,2028,11105194.301905064
Portugal,PRT,2029,11194629.841252502
Portugal,PRT,2030,11278379.235314861
Portugal,PRT,2031,11356234.83512698
Portugal,PRT,2032,11427991.187189871
Portugal,PRT,2033,11493444.995955557
Portugal,PRT,2034,11552395.084527371
Portugal,PRT,2035,11604642.355808498
Paraguay,PRY,2026,7092499.377618633
Paraguay,PRY,2027,7166967.831498301
Paraguay,PRY,2028,7236249.769090683
Paraguay,PRY,2029,7300129.277580529
Paraguay,PRY,2030,7358393.861213131
Paraguay,PRY,2031,7410833.377947753
Paraguay,PRY,2032,7457239.924744158
Paraguay,PRY,2033,7497407.791587575
Paraguay,PRY,2034,7531133.421045358
Paraguay,PRY,2035,7558215.368805933
West Bank and Gaza,PSE,2026,5533130.340580802
West Bank and Gaza,PSE,2027,5647131.482143257
West Bank and Gaza,PSE,2028,5755362.441232475
West Bank and Gaza,PSE,2029,5857616.037976721
West Bank and Gaza,PSE,2030,5953689.235760335
West Bank and Gaza,PSE,2031,6043381.261604702
West Bank and Gaza,PSE,2032,6126493.43513366
West Bank and Gaza,PSE,2033,6202829.1208222015
West Bank and Gaza,PSE,2034,6272193.689657726
West Bank and Gaza,PSE,2035,6334394.482026186
French Polynesia,PYF,2026,279256.7707960484
French Polynesia,PYF,2027,271691.5316735144
French Polynesia,PYF,2028,259521.11838294426
French Polynesia,PYF,2029,242517.156294378
French Polynesia,PYF,2030,220455.01375694457
French Polynesia,PYF,2031,193112.60775753198
French Polynesia,PYF,2032,160270.27698068548
French Polynesia,PYF,2033,121710.73218273977
French Polynesia,PYF,2034,77219.01275832509
French Polynesia,PYF,2035,26582.444380626373
Qatar,QAT,2026,3075396.014917693
Qatar,QAT,2027,3172641.0043556676
Qatar,QAT,2028,3264135.109597711
Qatar,QAT,2029,3349699.89543394
Qatar,QAT,2030,3429132.83847698
Qatar,QAT,2031,3502231.6733322176
Qatar,QAT,2032,3568796.104816031
Qatar,QAT,2033,3628627.895103038
Qatar,QAT,2034,3681530.8347192295
Qatar,QAT,2035,3727310.705747126
Romania,ROU,2026,18984757.330547266
Romania,ROU,2027,18946341.391938362
Romania,ROU,2028,18904867.82998313
Romania,ROU,2029,18860095.379225712
Romania,ROU,2030,18811779.256891727
Romania,ROU,2031,18759677.033560123
Romania,ROU,2032,18703549.00843132
Romania,ROU,2033,18643158.190632384
Romania,ROU,2034,18578270.25294937
Romania,ROU,2035,18508653.48429035
Russian Federation,RUS,2026,143363319.2551141
Russian Federation,RUS,2027,143219713.83848745
Russian Federation,RUS,2028,143082173.47592014
Russian Federation,RUS,2029,142950333.60361522
Russian Federation,RUS,2030,142823832.31037024
Russian Federation,RUS,2031,142702312.33900625
Russian Federation,RUS,2032,142585421.1540605
Russian Federation,RUS,2033,142472810.8718087
Russian Federation,RUS,2034,142364138.1815967
Russian Federation,RUS,2035,142259064.26772526
Rwanda,RWA,2026,14876259.869989343
Rwanda,RWA,2027,15175973.04263471
Rwanda,RWA,2028,15468222.002748877
Rwanda,RWA,2029,15752828.23111978
Rwanda,RWA,2030,16029620.485966668
Rwanda,RWA,2031,16298429.551141743
Rwanda,RWA,2032,16559087.830465317
Rwanda,RWA,2033,16811429.290570933
Rwanda,RWA,2034,17055289.429219224
Rwanda,RWA,2035,17290505.245871477
Saudi Arabia,SAU,2026,38631280.51392716
Saudi Arabia,SAU,2027,40266994.28632538
Saudi Arabia,SAU,2028,41880323.153668046
Saudi Arabia,SAU,2029,43471328.856771976
Saudi Arabia,SAU,2030,45040101.97432412
Saudi Arabia,SAU,2031,46586732.792955786
Saudi Arabia,SAU,2032,48111309.249543756
Saudi Arabia,SAU,2033,49613916.81735355
Saudi Arabia,SAU,2034,51094638.53123152
Saudi Arabia,SAU,2035,52553555.02222885
Sudan,SDN,2026,52917793.73707038
Sudan,SDN,2027,54160993.12407029
Sudan,SDN,2028,55387802.665621415
Sudan,SDN,2029,56597939.53361018
Sudan,SDN,2030,57791382.77035537
Sudan,SDN,2031,58968129.25984913
Sudan,SDN,2032,60128176.212675646
Sudan,SDN,2033,61271519.91967274
Sudan,SDN,2034,62398155.67386395
Sudan,SDN,2035,63508077.7760994
Senegal,SEN,2026,19354639.92955502
Senegal,SEN,2027,19768937.856330037
Senegal,SEN,2028,20174641.436639946
Senegal,SEN,2029,20571594.596616212
Senegal,SEN,2030,20959646.960115846
Senegal,SEN,2031,21338649.761617426
Senegal,SEN,2032,21708455.52913113
Senegal,SEN,2033,22068918.03824873
Senegal,SEN,2034,22419892.286027115
Senegal,SEN,2035,22761234.46664979
Singapore,SGP,2026,6177936.028718069
Singapore,SGP,2027,6239619.686885059
Singapore,SGP,2028,6296200.61198067
Singapore,SGP,2029,6347475.958722869
Singapore,SGP,2030,6393232.3107581325
Singapore,SGP,2031,6433257.629370681
Singapore,SGP,2032,6467342.072868269
Singapore,SGP,2033,6495278.017235842
Singapore,SGP,2034,6516860.020023783
Singapore,SGP,2035,6531884.780751386
Solomon Islands,SLB,2026,854062.7881292045
Solomon Islands,SLB,2027,864931.7643569304
Solomon Islands,SLB,2028,871004.997943908
Solomon Islands,SLB,2029,872057.4542738697
Solomon Islands,SLB,2030,867867.9418649737
Solomon Islands,SLB,2031,858217.7747599985
Solomon Islands,SLB,2032,842890.6361167335
Solomon Islands,SLB,2033,821672.5287092163
Solomon Islands,SLB,2034,794351.7322975552
Solomon Islands,SLB,2035,760718.7621072365
Sierra Leone,SLE,2026,8991902.231126033
Sierra Leone,SLE,2027,9158022.227774568
Sierra Leone,SLE,2028,9317946.48706664
Sierra Leone,SLE,2029,9471477.82294464
Sierra Leone,SLE,2030,9618421.671345051
Sierra Leone,SLE,2031,9758585.502912968
Sierra Leone,SLE,2032,9891778.746747792
Sierra Leone,SLE,2033,10017812.751388405
Sierra Leone,SLE,2034,10136500.748999791
Sierra Leone,SLE,2035,10247657.820307817
El Salvador,SLV,2026,6388908.870698193
El Salvador,SLV,2027,6408006.239532363
El Salvador,SLV,2028,6422554.071372327
El Salvador,SLV,2029,6432325.4184905365
El Salvador,SLV,2030,6437096.658606315
El Salvador,SLV,2031,6436646.680263561
El Salvador,SLV,2032,6430756.783316653
El Salvador,SLV,2033,6419210.631425379
El Salvador,SLV,2034,6401794.208922396
El Salvador,SLV,2035,6378295.778621439
San Marino,SMR,2026,30369.572266857605
San Marino,SMR,2027,22264.332993699936
San Marino,SMR,2028,9544.931850517052
San Marino,SMR,2029,-8016.947877333732
San Marino,SMR,2030,-30645.863803742453
San Marino,SMR,2031,-58563.825128092896
San Marino,SMR,2032,-91990.4207279135
San Marino,SMR,2033,-131142.86884648004
San Marino,SMR,2034,-176236.0605100426
San Marino,SMR,2035,-227482.60186603677
"Somalia, Fed. Rep.",SOM,2026,20289840.133351043
"Somalia, Fed. Rep.",SOM,2027,20913956.032210167
"Somalia, Fed. Rep.",SOM,2028,21526950.954128433
"Somalia, Fed. Rep.",SOM,2029,22128715.788243007
"Somalia, Fed. Rep.",SOM,2030,22719143.90960084
"Somalia, Fed. Rep.",SOM,2031,23298129.43163332
"Somalia, Fed. Rep.",SOM,2032,23865567.06753886
"Somalia, Fed. Rep.",SOM,2033,24421352.107418943
"Somalia, Fed. Rep.",SOM,2034,24965380.403921258
"Somalia, Fed. Rep.",SOM,2035,25497548.35868394
Serbia,SRB,2026,6508703.497103004
Serbia,SRB,2027,6464751.913586396
Serbia,SRB,2028,6417034.306278266
Serbia,SRB,2029,6365310.183175939
Serbia,SRB,2030,6309342.53301172
Serbia,SRB,2031,6248897.064212781
Serbia,SRB,2032,6183742.106020933
Serbia,SRB,2033,6113648.557870492
Serbia,SRB,2034,6038389.842920436
Serbia,SRB,2035,5957741.862561958
South Sudan,SSD,2026,12412963.617340092
South Sudan,SSD,2027,12629650.701000858
South Sudan,SSD,2028,12839657.86674994
South Sudan,SSD,2029,13042868.48812592
South Sudan,SSD,2030,13239101.248805903
South Sudan,SSD,2031,13428171.917575829
South Sudan,SSD,2032,13609897.753021719
South Sudan,SSD,2033,13784097.788205853
South Sudan,SSD,2034,13950592.819926895
South Sudan,SSD,2035,14109205.377251035
Sao Tome and Principe,STP,2026,241062.66235111654
Sao Tome and Principe,STP,2027,237462.91926953604
Sao Tome and Principe,STP,2028,229206.84011638112
Sao Tome and Principe,STP,2029,216066.88261566684
Sao Tome and Principe,STP,2030,197819.27744973433
Sao Tome and Principe,STP,2031,174242.7932790398
Sao Tome and Principe,STP,2032,145118.6070914244
Sao Tome and Principe,STP,2033,110230.25458637998
Sao Tome and Principe,STP,2034,69363.58694378915
Sao Tome and Principe,STP,2035,22306.72867695504
Suriname,SUR,2026,641362.2473355425
Suriname,SUR,2027,638481.5663012181
Suriname,SUR,2028,630960.8050798577
Suriname,SUR,2029,618572.3329764318
Suriname,SUR,2030,601092.2326955701
Suriname,SUR,2031,578299.1233290313
Suriname,SUR,2032,549974.0348264228
Suriname,SUR,2033,515900.35863419005
Suriname,SUR,2034,475863.80444203375
Suriname,SUR,2035,429652.3579943827
Slovak Republic,SVK,2026,5401840.560041214
Slovak Republic,SVK,2027,5385921.395530395
Slovak Republic,SVK,2028,5365820.623266486
Slovak Republic,SVK,2029,5341305.485825552
Slovak Republic,SVK,2030,5312145.790563678
Slovak Republic,SVK,2031,5278113.8978789
Slovak Republic,SVK,2032,5238984.677783737
Slovak Republic,SVK,2033,5194535.464874859
Slovak Republic,SVK,2034,5144546.0138498
Slovak Republic,SVK,2035,5088798.455714382
Slovenia,SVN,2026,2130544.4347876343
Slovenia,SVN,2027,2125810.7377766185
Slovenia,SVN,2028,2116552.211751219
Slovenia,SVN,2029,2102540.8269881946
Slovenia,SVN,2030,2083551.2248117658
Slovenia,SVN,2031,2059360.5321602216
Slovenia,SVN,2032,2029748.3068896807
Slovenia,SVN,2033,1994496.493121402
Slovenia,SVN,2034,1953389.377953386
Slovenia,SVN,2035,1906213.5489024222
Sweden,SWE,2026,10619530.389854671
Sweden,SWE,2027,10638378.108206745
Sweden,SWE,2028,10652943.56532981
Sweden,SWE,2029,10662998.267827462
Sweden,SWE,2030,10668315.450141054
Sweden,SWE,2031,10668670.795620691
Sweden,SWE,2032,10663842.446468638
Sweden,SWE,2033,10653610.963268533
Sweden,SWE,2034,10637759.281544212
Sweden,SWE,2035,10616072.668745125
Eswatini,SWZ,2026,1265646.5960753006
Eswatini,SWZ,2027,1270673.2771958448
Eswatini,SWZ,2028,1271002.262826644
Eswatini,SWZ,2029,1266406.71354646
Eswatini,SWZ,2030,1256663.8753990773
Eswatini,SWZ,2031,1241553.5406048663
Eswatini,SWZ,2032,1220857.8962896948
Eswatini,SWZ,2033,1194361.4735485953
Eswatini,SWZ,2034,1161851.1043481627
Eswatini,SWZ,2035,1123115.8796140107
Sint Maarten (Dutch part),SXM,2026,40617.03301197896
Sint Maarten (Dutch part),SXM,2027,32940.34247095563
Sint Maarten (Dutch part),SXM,2028,20644.845810966217
Sint Maarten (Dutch part),SXM,2029,3502.323367928271
Sint Maarten (Dutch part),SXM,2030,-18711.69891045848
Sint Maarten (Dutch part),SXM,2031,-46219.14883857465
Sint Maarten (Dutch part),SXM,2032,-79239.53525335668
Sint Maarten (Dutch part),SXM,2033,-117989.99762276479
Sint Maarten (Dutch part),SXM,2034,-162685.34943827416
Sint Maarten (Dutch part),SXM,2035,-213538.12053256517
Seychelles,SYC,2026,120209.86115992168
Seychelles,SYC,2027,113313.40725873952
Seychelles,SYC,2028,101793.48691141745
Seychelles,SYC,2029,85422.04527911951
Seychelles,SYC,2030,63974.71661919571
Seychelles,SYC,2031,37229.67591864127
Seychelles,SYC,2032,4967.51532103779
Seychelles,SYC,2033,-33028.80519355298
Seychelles,SYC,2034,-76974.00115722849
Seychelles,SYC,2035,-127080.50590601936
Syrian Arab Republic,SYR,2026,26545584.141414575
Syrian Arab Republic,SYR,2027,27455939.01259367
Syrian Arab Republic,SYR,2028,28351998.48266588
Syrian Arab Republic,SYR,2029,29233751.98731949
Syrian Arab Republic,SYR,2030,30101151.544332296
Syrian Arab Republic,SYR,2031,30954146.23002335
Syrian Arab Republic,SYR,2032,31792684.655619863
Syrian Arab Republic,SYR,2033,32616715.14525594
Syrian Arab Republic,SYR,2034,33426185.748877376
Syrian Arab Republic,SYR,2035,34221044.243271455
Turks and Caicos Islands,TCA,2026,43299.888522602734
Turks and Caicos Islands,TCA,2027,35377.343410037516
Turks and Caicos Islands,TCA,2028,22839.189859746955
Turks and Caicos Islands,TCA,2029,5457.150793848559
Turks and Caicos Islands,TCA,2030,-16993.301941259182
Turks and Caicos Islands,TCA,2031,-44734.149225113564
Turks and Caicos Islands,TCA,2032,-77984.95210012677
Turks and Caicos Islands,TCA,2033,-116962.90140548686
Turks and Caicos Islands,TCA,2034,-161882.8611840282
Turks and Caicos Islands,TCA,2035,-212957.41101330367
Chad,TCD,2026,21678011.834916525
Chad,TCD,2027,22339560.778995156
Chad,TCD,2028,22989516.556523778
Chad,TCD,2029,23627869.88266595
Chad,TCD,2030,24254527.62382989
Chad,TCD,2031,24869391.084874064
Chad,TCD,2032,25472361.620462004
Chad,TCD,2033,26063341.02677133
Chad,TCD,2034,26642231.55847839
Chad,TCD,2035,27208935.91899373
Togo,TGO,2026,8771365.723211862
Togo,TGO,2027,8945040.536919862
Togo,TGO,2028,9112415.022468325
Togo,TGO,2029,9273291.64909644
Togo,TGO,2030,9427477.46161345
Togo,TGO,2031,9574781.653613802
Togo,TGO,2032,9715015.359529693
Togo,TGO,2033,9847991.606576398
Togo,TGO,2034,9973525.278701633
Togo,TGO,2035,10091433.081908626
Thailand,THA,2026,71571602.4113955
Thailand,THA,2027,71523930.3091894
Thailand,THA,2028,71476623.96477225
Thailand,THA,2029,71429397.69775358
Thailand,THA,2030,71381964.64613087
Thailand,THA,2031,71334041.14475332
Thailand,THA,2032,71285346.9826512
Thailand,THA,2033,71235605.36528167
Thailand,THA,2034,71184542.85647589
Thailand,THA,2035,71131889.31980859
Tajikistan,TJK,2026,10976672.75845687
Tajikistan,TJK,2027,11160519.983169707
Tajikistan,TJK,2028,11338077.568611177
Tajikistan,TJK,2029,11509151.102620304
Tajikistan,TJK,2030,11673548.28803723
Tajikistan,TJK,2031,11831078.795238918
Tajikistan,TJK,2032,11981554.21798289
Tajikistan,TJK,2033,12124788.037198227
Tajikistan,TJK,2034,12260595.58586609
Tajikistan,TJK,2035,12388794.014488798
Turkmenistan,TKM,2026,7737935.379912078
Turkmenistan,TKM,2027,7851599.502630866
Turkmenistan,TKM,2028,7959633.737579064
Turkmenistan,TKM,2029,8061831.507035993
Turkmenistan,TKM,2030,8157988.196557728
Turkmenistan,TKM,2031,8247901.32694586
Turkmenistan,TKM,2032,8331370.530115779
Turkmenistan,TKM,2033,8408197.511454865
Turkmenistan,TKM,2034,8478186.011775482
Turkmenistan,TKM,2035,8541141.76979477
Timor-Leste,TLS,2026,1432508.939610701
Timor-Leste,TLS,2027,1442012.287488345
Timor-Leste,TLS,2028,1446773.5301587968
Timor-Leste,TLS,2029,1446566.473790059
Timor-Leste,TLS,2030,1441169.168769958
Timor-Leste,TLS,2031,1430362.2111834525
Timor-Leste,TLS,2032,1413928.5802987476
Timor-Leste,TLS,2033,1391653.587014257
Timor-Leste,TLS,2034,1363324.8309044125
Timor-Leste,TLS,2035,1328732.158502094
Tonga,TON,2026,99446.27853532106
Tonga,TON,2027,90795.78126581653
Tonga,TON,2028,77542.1645953845
Tonga,TON,2029,59456.95434833405
Tonga,TON,2030,36315.42624549789
Tonga,TON,2031,7895.406308125763
Tonga,TON,2032,-26022.856479358394
Tonga,TON,2033,-65656.73984315875
Tonga,TON,2034,-111221.29167614284
Tonga,TON,2035,-162929.27241799491
Trinidad and Tobago,TTO,2026,1363309.6733489581
Trinidad and Tobago,TTO,2027,1354574.573233408
Trinidad and Tobago,TTO,2028,1341316.3545081213
Trinidad and Tobago,TTO,2029,1323306.049939096
Trinidad and Tobago,TTO,2030,1300317.9920169553
Trinidad and Tobago,TTO,2031,1272129.047013444
Trinidad and Tobago,TTO,2032,1238518.5185387833
Trinidad and Tobago,TTO,2033,1199268.09983917
Trinidad and Tobago,TTO,2034,1154161.8302387013
Trinidad and Tobago,TTO,2035,1102986.0525122331
Tunisia,TUN,2026,12415694.799053937
Tunisia,TUN,2027,12478327.077383973
Tunisia,TUN,2028,12536251.653241761
Tunisia,TUN,2029,12589247.547863917
Tunisia,TUN,2030,12637095.832843013
Tunisia,TUN,2031,12679579.937658153
Tunisia,TUN,2032,12716485.631781034
Tunisia,TUN,2033,12747600.984040149
Tunisia,TUN,2034,12772716.320972458
Tunisia,TUN,2035,12791624.185713122
Turkiye,TUR,2026,86247320.84566876
Turkiye,TUR,2027,86613381.30306785
Turkiye,TUR,2028,86975705.84959976
Turkiye,TUR,2029,87334022.4288227
Turkiye,TUR,2030,87688115.74559763
Turkiye,TUR,2031,88037776.7558357
Turkiye,TUR,2032,88382798.99961244
Turkiye,TUR,2033,88722978.29934277
Turkiye,TUR,2034,89058112.70025334
Turkiye,TUR,2035,89388002.42885517
Tuvalu,TUV,2026,5468.488889494911
Tuvalu,TUV,2027,-2918.8907029702095
Tuvalu,TUV,2028,-15918.526007141685
Tuvalu,TUV,2029,-33758.774595221854
Tuvalu,TUV,2030,-56664.234641526826
Tuvalu,TUV,2031,-84856.95531268744
Tuvalu,TUV,2032,-118556.56484844245
Tuvalu,TUV,2033,-157980.32025764312
Tuvalu,TUV,2034,-203343.15074518742
Tuvalu,TUV,2035,-254857.70005988597
Tanzania,TZA,2026,72512086.96097398
Tanzania,TZA,2027,74454454.85709229
Tanzania,TZA,2028,76372783.1281309
Tanzania,TZA,2029,78267183.62225948
Tanzania,TZA,2030,80137786.60345049
Tanzania,TZA,2031,81984720.75744604
Tanzania,TZA,2032,83808111.79911588
Tanzania,TZA,2033,85608082.41511124
Tanzania,TZA,2034,87384752.3017188
Tanzania,TZA,2035,89138238.20885873
Uganda,UGA,2026,52738902.01094507
Uganda,UGA,2027,54075190.766861856
Uganda,UGA,2028,55393642.18226202
Uganda,UGA,2029,56694266.67752713
Uganda,UGA,2030,57977082.6282036
Uganda,UGA,2031,59242107.72353546
Uganda,UGA,2032,60489358.36239499
Uganda,UGA,2033,61718849.62620215
Uganda,UGA,2034,62930595.293006495
Uganda,UGA,2035,64124607.85425109
Ukraine,UKR,2026,40156497.883685336
Ukraine,UKR,2027,41321298.14062895
Ukraine,UKR,2028,42469938.71725555
Ukraine,UKR,2029,43602066.05380054
Ukraine,UKR,2030,44717647.7909458
Ukraine,UKR,2031,45816673.75911835
Ukraine,UKR,2032,46899134.512961045
Ukraine,UKR,2033,47965019.79981765
Ukraine,UKR,2034,49014318.45976329
Ukraine,UKR,2035,50047018.428275645
Uruguay,URY,2026,3379105.571403717
Uruguay,URY,2027,3369387.3944181637
Uruguay,URY,2028,3355285.2966354266
Uruguay,URY,2029,3336568.2504201476
Uruguay,URY,2030,3313008.8267191984
Uruguay,URY,2031,3284382.1795831416
Uruguay,URY,2032,3250465.931356784
Uruguay,URY,2033,3211040.1232203552
Uruguay,URY,2034,3165887.171075236
Uruguay,URY,2035,3114791.822453802
United States,USA,2026,343457444.0375042
United States,USA,2027,345119053.2259784
United States,USA,2028,346776560.4448946
United States,USA,2029,348430334.36244005
United States,USA,2030,350080277.61009175
United States,USA,2031,351726260.6551634
United States,USA,2032,353368152.93905336
United States,USA,2033,355005825.0901803
United States,USA,2034,356639149.059779
United States,USA,2035,358267998.10887355
Uzbekistan,UZB,2026,37734073.45587058
Uzbekistan,UZB,2027,38404198.32915884
Uzbekistan,UZB,2028,39063728.165473476
Uzbekistan,UZB,2029,39712554.88114977
Uzbekistan,UZB,2030,40350568.622821584
Uzbekistan,UZB,2031,40977660.04127033
Uzbekistan,UZB,2032,41593720.44054896
Uzbekistan,UZB,2033,42198641.77471575
Uzbekistan,UZB,2034,42792316.633833736
Uzbekistan,UZB,2035,43374638.229406506
St. Vincent and the Grenadines,VCT,2026,95373.87286716164
St. Vincent and the Grenadines,VCT,2027,86471.97826857521
St. Vincent and the Grenadines,VCT,2028,72969.81089829822
St. Vincent and the Grenadines,VCT,2029,54638.837924236956
St. Vincent and the Grenadines,VCT,2030,31254.284556935134
St. Vincent and the Grenadines,VCT,2031,2593.9276247924427
St. Vincent and the Grenadines,VCT,2032,-31562.032265562564
St. Vincent and the Grenadines,VCT,2033,-71431.020450891
St. Vincent and the Grenadines,VCT,2034,-117228.1316823574
St. Vincent and the Grenadines,VCT,2035,-169166.17251811572
"Venezuela, RB",VEN,2026,28625235.4147151
"Venezuela, RB",VEN,2027,28729652.762896296
"Venezuela, RB",VEN,2028,28829871.795972474
"Venezuela, RB",VEN,2029,28925664.038414877
"Venezuela, RB",VEN,2030,29016806.767574217
"Venezuela, RB",VEN,2031,29103079.953956466
"Venezuela, RB",VEN,2032,29184266.000423465
"Venezuela, RB",VEN,2033,29260149.683069926
"Venezuela, RB",VEN,2034,29330518.107223522
"Venezuela, RB",VEN,2035,29395160.66515876
British Virgin Islands,VGB,2026,36103.39549198741
British Virgin Islands,VGB,2027,28106.752742231765
British Virgin Islands,VGB,2028,15494.884733300132
British Virgin Islands,VGB,2029,-1960.4242462741677
British Virgin Islands,VGB,2030,-24483.70737733983
British Virgin Islands,VGB,2031,-52296.95519293053
British Virgin Islands,VGB,2032,-85619.73858121317
British Virgin Islands,VGB,2033,-124669.25810323295
British Virgin Islands,VGB,2034,-169660.38737934688
British Virgin Islands,VGB,2035,-220805.71542106278
Virgin Islands (U.S.),VIR,2026,99343.6144046748
Virgin Islands (U.S.),VIR,2027,90542.15225395223
Virgin Islands (U.S.),VIR,2028,77139.4092791084
Virgin Islands (U.S.),VIR,2029,58906.89137741574
Virgin Islands (U.S.),VIR,2030,35619.843380914244
Virgin Islands (U.S.),VIR,2031,7056.060103419586
Virgin Islands (U.S.),VIR,2032,-27004.240239918232
Virgin Islands (U.S.),VIR,2033,-66778.46565955912
Virgin Islands (U.S.),VIR,2034,-112481.69385161996
Virgin Islands (U.S.),VIR,2035,-164326.71458557353
Viet Nam,VNM,2026,102202666.14751877
Viet Nam,VNM,2027,102801226.07773747
Viet Nam,VNM,2028,103394122.4886878
Viet Nam,VNM,2029,103981186.10170925
Viet Nam,VNM,2030,104562243.21288557
Viet Nam,VNM,2031,105137121.44759016
Viet Nam,VNM,2032,105705650.1433613
Viet Nam,VNM,2033,106267660.34744489
Viet Nam,VNM,2034,106822984.78713164
Viet Nam,VNM,2035,107371457.83860315
Vanuatu,VUT,2026,338624.45298449125
Vanuatu,VUT,2027,337644.88503159344
Vanuatu,VUT,2028,331982.866101285
Vanuatu,VUT,2029,321411.3406301253
Vanuatu,VUT,2030,305707.01794506307
Vanuatu,VUT,2031,284649.13781650114
Vanuatu,VUT,2032,258019.3409593844
Vanuatu,VUT,2033,225601.6195400512
Vanuatu,VUT,2034,187182.27406365488
Vanuatu,VUT,2035,142549.87134381826
Samoa,WSM,2026,216713.16804141836
Samoa,WSM,2027,209751.64608698746
Samoa,WSM,2028,198173.57558682247
Samoa,WSM,2029,181750.7687377038
Samoa,WSM,2030,160258.76948566828
Samoa,WSM,2031,133475.66695945436
Samoa,WSM,2032,101181.96913161053
Samoa,WSM,2033,63160.55327791488
Samoa,WSM,2034,19196.622591431835
Samoa,WSM,2035,-30922.33613306051
Kosovo,XKX,2026,1560843.5722333882
Kosovo,XKX,2027,1541052.8769551776
Kosovo,XKX,2028,1516913.91508974
Kosovo,XKX,2029,1488170.416417639
Kosovo,XKX,2030,1454592.4564494675
Kosovo,XKX,2031,1415954.3364673303
Kosovo,XKX,2032,1372032.9527705666
Kosovo,XKX,2033,1322607.6381868755
Kosovo,XKX,2034,1267460.1099795904
Kosovo,XKX,2035,1206374.4260392797
"Yemen, Rep.",YEM,2026,42949373.116177455
"Yemen, Rep.",YEM,2027,44108667.30984862
"Yemen, Rep.",YEM,2028,45251681.64182778
"Yemen, Rep.",YEM,2029,46378401.18968254
"Yemen, Rep.",YEM,2030,47488814.79197429
"Yemen, Rep.",YEM,2031,48582910.730212495
"Yemen, Rep.",YEM,2032,49660676.42826547
"Yemen, Rep.",YEM,2033,50722098.4401484
"Yemen, Rep.",YEM,2034,51767162.45835671
"Yemen, Rep.",YEM,2035,52795853.32351078
South Africa,ZAF,2026,65474984.36430545
South Africa,ZAF,2027,66193099.50500399
South Africa,ZAF,2028,66901759.921991825
South Africa,ZAF,2029,67600859.36646983
South Africa,ZAF,2030,68290277.94005658
South Africa,ZAF,2031,68969895.58721712
South Africa,ZAF,2032,69639593.04713917
South Africa,ZAF,2033,70299251.90516938
South Africa,ZAF,2034,70948754.5798362
South Africa,ZAF,2035,71587984.30550121
Zambia,ZMB,2026,22503886.008341998
Zambia,ZMB,2027,23083671.733557824
Zambia,ZMB,2028,23653025.830661878
Zambia,ZMB,2029,24211823.791093055
Zambia,ZMB,2030,24759947.65329138
Zambia,ZMB,2031,25297280.65096456
Zambia,ZMB,2032,25823706.81292771
Zambia,ZMB,2033,26339110.918820944
Zambia,ZMB,2034,26843378.480623264
Zambia,ZMB,2035,27336395.72625121
Zimbabwe,ZWE,2026,17262323.934187647
Zimbabwe,ZWE,2027,17566801.798397195
Zimbabwe,ZWE,2028,17863911.30543961
Zimbabwe,ZWE,2029,18153468.950617176
Zimbabwe,ZWE,2030,18435302.384524122
Zimbabwe,ZWE,2031,18709241.576416716
Zimbabwe,ZWE,2032,18975118.15084843
Zimbabwe,ZWE,2033,19232765.31178415
Zimbabwe,ZWE,2034,19482017.80935033
Zimbabwe,ZWE,2035,19722711.910081428
