Country Name,Country Code,Year,Population,Predicted_Population,Absolute_Error
Aruba,ABW,2021,107700.0,109880.43559795673,2180.4355979567335
Aruba,ABW,2022,107310.0,108751.17547169488,1441.175471694878
Aruba,ABW,2023,107359.0,108900.48999874634,1541.4899987463432
Aruba,ABW,2024,107995.0,109363.90329621764,1368.9032962176425
Aruba,ABW,2025,108785.0,110579.46245871048,1794.4624587104772
Afghanistan,AFG,2021,40000412.0,40290409.48027991,289997.4802799076
Afghanistan,AFG,2022,40578842.0,40908285.67942184,329443.6794218421
Afghanistan,AFG,2023,41454761.0,41126284.78084865,328476.2191513479
Afghanistan,AFG,2024,42647492.0,42353242.35410246,294249.64589753747
Afghanistan,AFG,2025,43844111.0,43865494.23397346,21383.23397345841
Angola,AGO,2021,34532429.0,34527296.110609874,5132.889390125871
Angola,AGO,2022,35635029.0,35614913.7432825,20115.25671750307
Angola,AGO,2023,36749906.0,36739946.78909437,9959.210905626416
Angola,AGO,2024,37885849.0,37866212.21382019,19636.786179810762
Angola,AGO,2025,39040039.0,39023803.09564397,16235.90435603261
Albania,ALB,2021,2489762.0,2490604.1807556096,842.1807556096464
Albania,ALB,2022,2451636.0,2452476.0405738275,840.0405738274567
Albania,ALB,2023,2411658.0,2414928.508350396,3270.508350396063
Albania,ALB,2024,2377128.0,2372878.56257569,4249.437424310017
Albania,ALB,2025,2349580.0,2344392.795411069,5187.204588931054
Andorra,AND,2021,78364.0,80248.15983256476,1884.1598325647647
Andorra,AND,2022,79705.0,81327.52286089811,1622.5228608981124
Andorra,AND,2023,80856.0,83027.5167606838,2171.516760683793
Andorra,AND,2024,81938.0,83921.58885346877,1983.5888534687692
Andorra,AND,2025,82904.0,84922.03827689693,2018.0382768969284
United Arab Emirates,ARE,2021,9575152.0,9344882.802483447,230269.1975165531
United Arab Emirates,ARE,2022,10074977.0,9767990.637004696,306986.36299530417
United Arab Emirates,ARE,2023,10483751.0,10603448.44251782,119697.44251782075
United Arab Emirates,ARE,2024,10986400.0,10887092.885785235,99307.11421476491
United Arab Emirates,ARE,2025,11513149.0,11498821.342328012,14327.65767198801
Argentina,ARG,2021,45312281.0,45397541.0199946,85260.01999460161
Argentina,ARG,2022,45407904.0,45419355.91820975,11451.91820974648
Argentina,ARG,2023,45538401.0,45496063.16878338,42337.83121661842
Argentina,ARG,2024,45696159.0,45666342.54484752,29816.455152481794
Argentina,ARG,2025,45851378.0,45850817.579294264,560.4207057356834
Armenia,ARM,2021,2962300.0,2962431.2180607165,131.218060716521
Armenia,ARM,2022,2969200.0,2964718.895198738,4481.104801261798
Armenia,ARM,2023,2964300.0,2978069.014434806,13769.014434806071
Armenia,ARM,2024,3033500.0,2959853.9851403274,73646.01485967264
Armenia,ARM,2025,3086700.0,3110366.1164357457,23666.11643574573
American Samoa,ASM,2021,49225.0,51326.990998500274,2101.990998500274
American Samoa,ASM,2022,48342.0,50653.56300441266,2311.563004412659
American Samoa,ASM,2023,47521.0,49379.51492709972,1858.5149270997208
American Samoa,ASM,2024,46765.0,48632.07561379182,1867.0756137918215
American Samoa,ASM,2025,46029.0,47919.915916253114,1890.9159162531141
Antigua and Barbuda,ATG,2021,92349.0,94322.08092624167,1973.0809262416733
Antigua and Barbuda,ATG,2022,92840.0,94822.41644892798,1982.4164489279792
Antigua and Barbuda,ATG,2023,93316.0,95276.80438364195,1960.8043836419529
Antigua and Barbuda,ATG,2024,93772.0,95715.59974565438,1943.5997456543846
Antigua and Barbuda,ATG,2025,94209.0,96129.2156001222,1920.2156001222029
Australia,AUS,2021,25685412.0,25958003.09141061,272591.0914106108
Australia,AUS,2022,26018721.0,25696848.49240181,321872.5075981915
Australia,AUS,2023,26659922.0,26374892.465225928,285029.53477407247
Australia,AUS,2024,27194286.0,27326059.663093105,131773.66309310496
Australia,AUS,2025,27614411.0,27719581.506113037,105170.50611303747
Austria,AUT,2021,8955797.0,8954233.654026873,1563.3459731265903
Austria,AUT,2022,9041851.0,8995493.939717274,46357.06028272584
Austria,AUT,2023,9131761.0,9132474.917107727,713.9171077273786
Austria,AUT,2024,9177982.0,9222733.336966297,44751.33696629666
Austria,AUT,2025,9208163.0,9221213.324567968,13050.324567968026
Azerbaijan,AZE,2021,10137750.0,10161254.761645861,23504.76164586097
Azerbaijan,AZE,2022,10141756.0,10180851.921631409,39095.921631408855
Azerbaijan,AZE,2023,10153958.0,10142712.610664982,11245.389335017651
Azerbaijan,AZE,2024,10202830.0,10167057.01908218,35772.98091782071
Azerbaijan,AZE,2025,10246996.0,10255023.338862987,8027.338862987235
Burundi,BDI,2021,12965481.0,12977378.320758251,11897.320758251473
Burundi,BDI,2022,13321097.0,13314115.832682641,6981.167317358777
Burundi,BDI,2023,13689450.0,13678497.025184127,10952.97481587343
Burundi,BDI,2024,14047786.0,14060005.58731882,12219.587318820879
Burundi,BDI,2025,14390003.0,14406363.305100016,16360.305100016296
Belgium,BEL,2021,11586195.0,11587461.952247825,1266.9522478245199
Belgium,BEL,2022,11680210.0,11633808.702467516,46401.297532483935
Belgium,BEL,2023,11779946.0,11778317.252011718,1628.7479882817715
Belgium,BEL,2024,11858610.0,11880479.582498938,21869.582498937845
Belgium,BEL,2025,11941781.0,11935784.985704014,5996.014295985922
Benin,BEN,2021,13413417.0,13414823.431974715,1406.431974714622
Benin,BEN,2022,13759501.0,13757809.68594755,1691.3140524495393
Benin,BEN,2023,14111034.0,14106902.335191326,4131.664808673784
Benin,BEN,2024,14462724.0,14464036.068455953,1312.068455953151
Benin,BEN,2025,14814460.0,14815374.61488545,914.6148854494095
Burkina Faso,BFA,2021,21995243.0,21995410.689195503,167.6891955025494
Burkina Faso,BFA,2022,22509038.0,22512210.06125238,3172.0612523816526
Burkina Faso,BFA,2023,23025776.0,23022917.02964142,2858.970358580351
Burkina Faso,BFA,2024,23548781.0,23542959.170003213,5821.829996787012
Burkina Faso,BFA,2025,24074580.0,24072414.12298353,2165.8770164698362
Bangladesh,BGD,2021,167658854.0,167661874.63992015,3020.639920145273
Bangladesh,BGD,2022,169384897.0,168996659.52591494,388237.47408506274
Bangladesh,BGD,2023,171466990.0,171120566.02959388,346423.97040611506
Bangladesh,BGD,2024,173562364.0,173559139.13054878,3224.869451224804
Bangladesh,BGD,2025,175686899.0,175639841.86282018,47057.13717982173
Bulgaria,BGR,2021,6507301.0,6487510.307387408,19790.69261259213
Bulgaria,BGR,2022,6465097.0,6466398.7722234335,1301.7722234334797
Bulgaria,BGR,2023,6446596.0,6423648.12698158,22947.8730184203
Bulgaria,BGR,2024,6441421.0,6430749.114144527,10671.885855472647
Bulgaria,BGR,2025,6433302.0,6438100.870411866,4798.8704118663445
Bahrain,BHR,2021,1504365.0,1462978.7614312605,41386.2385687395
Bahrain,BHR,2022,1524693.0,1541911.566910561,17218.56691056094
Bahrain,BHR,2023,1577059.0,1545852.8934940381,31206.106505961856
Bahrain,BHR,2024,1588670.0,1633901.3848272595,45231.38482725946
Bahrain,BHR,2025,1600366.0,1598689.22990748,1676.7700925199315
"Bahamas, The",BHS,2021,396373.0,398929.98699914967,2556.986999149667
"Bahamas, The",BHS,2022,397538.0,398744.54615521245,1206.546155212447
"Bahamas, The",BHS,2023,399440.0,400652.81690140057,1212.816901400569
"Bahamas, The",BHS,2024,401283.0,403279.4909747024,1996.4909747024067
"Bahamas, The",BHS,2025,403033.0,404976.9453113001,1943.9453113001073
Bosnia and Herzegovina,BIH,2021,3244907.0,3254017.5993657643,9110.599365764298
Bosnia and Herzegovina,BIH,2022,3204802.0,3190983.8452547984,13818.15474520158
Bosnia and Herzegovina,BIH,2023,3185073.0,3167084.4733193438,17988.526680656243
Bosnia and Herzegovina,BIH,2024,3164253.0,3168288.5181484837,4035.5181484837085
Bosnia and Herzegovina,BIH,2025,3140095.0,3144624.3851698157,4529.385169815738
Belarus,BLR,2021,9302585.0,9338680.533232693,36095.53323269263
Belarus,BLR,2022,9228071.0,9222227.964922654,5843.035077346489
Belarus,BLR,2023,9178298.0,9153827.68591576,24470.314084239304
Belarus,BLR,2024,9132629.0,9130654.307462886,1974.6925371140242
Belarus,BLR,2025,9085991.0,9087429.987254135,1438.9872541353106
Belize,BLZ,2021,395346.0,397703.4749188166,2357.474918816588
Belize,BLZ,2022,402733.0,401777.7026506261,955.2973493739264
Belize,BLZ,2023,411106.0,412273.1633972995,1167.163397299475
Belize,BLZ,2024,417072.0,421462.7202106335,4390.7202106334735
Belize,BLZ,2025,422924.0,424714.92814652645,1790.9281465264503
Bermuda,BMU,2021,64648.0,66651.30105529795,2003.301055297954
Bermuda,BMU,2022,64749.0,66885.7558687833,2136.7558687832934
Bermuda,BMU,2023,64698.0,66786.63162193293,2088.631621932931
Bermuda,BMU,2024,64636.0,66562.21108397987,1926.2110839798697
Bermuda,BMU,2025,64555.0,66478.72278732066,1923.7227873206575
Bolivia,BOL,2021,11937360.0,11960345.170119416,22985.17011941597
Bolivia,BOL,2022,12077154.0,12056944.373301309,20209.626698691398
Bolivia,BOL,2023,12244159.0,12218939.16571269,25219.83428731002
Bolivia,BOL,2024,12413315.0,12413906.263181556,591.2631815560162
Bolivia,BOL,2025,12581843.0,12583151.818231668,1308.8182316683233
Brazil,BRA,2021,209550294.0,209825891.5987776,275597.5987775922
Brazil,BRA,2022,210306415.0,210383908.7397534,77493.73975339532
Brazil,BRA,2023,211140729.0,211020682.5472006,120046.45279940963
Brazil,BRA,2024,211998573.0,211950412.08220273,48160.91779726744
Brazil,BRA,2025,212812405.0,212827312.76101682,14907.7610168159
Barbados,BRB,2021,282147.0,284146.3467102397,1999.3467102397117
Barbados,BRB,2022,282318.0,284528.28888659517,2210.288886595168
Barbados,BRB,2023,282336.0,284379.2127580215,2043.2127580214874
Barbados,BRB,2024,282467.0,284231.8027523824,1764.802752382413
Barbados,BRB,2025,282623.0,284475.89561132295,1852.8956113229506
Brunei Darussalam,BRN,2021,451721.0,454063.76550406544,2342.7655040654354
Brunei Darussalam,BRN,2022,455370.0,457928.3959203124,2558.3959203123813
Brunei Darussalam,BRN,2023,458949.0,460863.00531722454,1914.0053172245389
Brunei Darussalam,BRN,2024,462721.0,464397.46323751693,1676.4632375169313
Brunei Darussalam,BRN,2025,466330.0,468362.033157778,2032.0331577779725
Bhutan,BTN,2021,775442.0,777091.1809587018,1649.1809587017633
Bhutan,BTN,2022,780914.0,782770.573637356,1856.5736373560503
Bhutan,BTN,2023,786385.0,788238.3990369528,1853.39903695276
Bhutan,BTN,2024,791524.0,793682.6514747923,2158.6514747922774
Bhutan,BTN,2025,796682.0,798438.8245962942,1756.824596294202
Botswana,BWA,2021,2401441.0,2401517.534574797,76.53457479691133
Botswana,BWA,2022,2439892.0,2438850.0100566493,1041.9899433506653
Botswana,BWA,2023,2480244.0,2480283.329025822,39.32902582222596
Botswana,BWA,2024,2521139.0,2522434.9766436536,1295.9766436535865
Botswana,BWA,2025,2562122.0,2563737.005249232,1615.0052492320538
Central African Republic,CAF,2021,5112100.0,5111324.775736565,775.2242634352297
Central African Republic,CAF,2022,5098039.0,5199328.711229753,101289.71122975275
Central African Republic,CAF,2023,5152421.0,5076974.02033274,75446.97966726031
Central African Republic,CAF,2024,5330690.0,5213604.124926668,117085.87507333234
Central African Republic,CAF,2025,5513282.0,5520715.544751568,7433.544751567766
Canada,CAN,2021,38239864.0,38425056.82565464,185192.8256546408
Canada,CAN,2022,38950132.0,38431348.82153115,518783.17846885324
Canada,CAN,2023,40049088.0,39698940.36542304,350147.6345769614
Canada,CAN,2024,41262329.0,41179170.916954234,83158.08304576576
Canada,CAN,2025,41651653.0,42484847.046882465,833194.0468824655
Switzerland,CHE,2021,8704546.0,8701994.7060531,2551.2939468994737
Switzerland,CHE,2022,8777088.0,8771973.028342437,5114.971657563001
Switzerland,CHE,2023,8888822.0,8850885.781013967,37936.21898603253
Switzerland,CHE,2024,9005582.0,9004603.331694333,978.6683056671172
Switzerland,CHE,2025,9092436.0,9123615.552309945,31179.552309945226
Channel Islands,CHI,2021,166741.0,168801.59363304236,2060.5936330423574
Channel Islands,CHI,2022,167215.0,169195.6214003158,1980.6214003158093
Channel Islands,CHI,2023,167691.0,169620.259473502,1929.2594735019957
Channel Islands,CHI,2024,168126.0,170079.1109344928,1953.1109344928118
Channel Islands,CHI,2025,168466.0,170447.57630635897,1981.5763063589693
Chile,CHL,2021,19456334.0,19532299.665678628,75965.66567862779
Chile,CHL,2022,19553036.0,19534010.2434768,19025.75652319938
Chile,CHL,2023,19658835.0,19649625.09425241,9209.905747588724
Chile,CHL,2024,19764771.0,19764367.869007695,403.1309923045337
Chile,CHL,2025,19859921.0,19869679.189375967,9758.189375966787
China,CHN,2021,1412360000.0,1414096271.0905323,1736271.0905323029
China,CHN,2022,1412175000.0,1413214431.4434307,1039431.4434306622
China,CHN,2023,1410710000.0,1411630537.2030356,920537.203035593
China,CHN,2024,1408975000.0,1408893493.4120646,81506.5879354477
China,CHN,2025,1406585000.0,1406968998.405675,383998.4056749344
Cote d'Ivoire,CIV,2021,29639736.0,29637524.357851733,2211.6421482674778
Cote d'Ivoire,CIV,2022,30395002.0,30364183.718357403,30818.28164259717
Cote d'Ivoire,CIV,2023,31165654.0,31152759.15857337,12894.841426629573
Cote d'Ivoire,CIV,2024,31934230.0,31937452.357843768,3222.3578437678516
Cote d'Ivoire,CIV,2025,32711547.0,32702381.243587185,9165.756412815303
Cameroon,CMR,2021,26915758.0,26915944.145908136,186.14590813592076
Cameroon,CMR,2022,27632771.0,27621417.10076746,11353.89923254028
Cameroon,CMR,2023,28372687.0,28351041.44547442,21645.554525580257
Cameroon,CMR,2024,29123744.0,29114704.249635573,9039.750364426523
Cameroon,CMR,2025,29879337.0,29875851.117581073,3485.8824189268053
"Congo, Dem. Rep.",COD,2021,99148932.0,99042716.742526,106215.25747400522
"Congo, Dem. Rep.",COD,2022,102396968.0,102315841.39304017,81126.6069598347
"Congo, Dem. Rep.",COD,2023,105789731.0,105650585.65181296,139145.34818704426
"Congo, Dem. Rep.",COD,2024,109276265.0,109192580.64134462,83684.35865537822
"Congo, Dem. Rep.",COD,2025,112832473.0,112768562.46940754,63910.53059245646
"Congo, Rep.",COG,2021,5892183.0,5890731.970322329,1451.0296776713803
"Congo, Rep.",COG,2022,6035104.0,6033408.662032795,1695.3379672048613
"Congo, Rep.",COG,2023,6182885.0,6179849.02283839,3035.9771616095677
"Congo, Rep.",COG,2024,6332961.0,6332571.093914297,389.90608570259064
"Congo, Rep.",COG,2025,6484437.0,6484697.594771409,260.59477140940726
Colombia,COL,2021,51188173.0,51335386.6943039,147213.6943039
Colombia,COL,2022,51737944.0,51728707.32911891,9236.670881092548
Colombia,COL,2023,52321152.0,52282447.06915763,38704.930842369795
Colombia,COL,2024,52886363.0,52902487.34279603,16124.34279602766
Colombia,COL,2025,53425635.0,53445358.03492871,19723.03492870927
Comoros,COM,2021,818174.0,819729.6069515307,1555.6069515306735
Comoros,COM,2022,834188.0,836130.0965023171,1942.0965023171157
Comoros,COM,2023,850387.0,852088.433263947,1701.433263947023
Comoros,COM,2024,866628.0,868463.2914786611,1835.2914786611218
Comoros,COM,2025,882847.0,884710.3258581725,1863.325858172495
Cabo Verde,CPV,2021,516649.0,517162.64656057896,513.6465605789563
Cabo Verde,CPV,2022,519741.0,520633.18541981594,892.1854198159417
Cabo Verde,CPV,2023,522331.0,524807.7184300214,2476.7184300214285
Cabo Verde,CPV,2024,524877.0,526740.3806283646,1863.3806283646263
Cabo Verde,CPV,2025,527326.0,529256.8468428781,1930.846842878149
Costa Rica,CRI,2021,5059988.0,5069810.708601865,9822.708601864986
Costa Rica,CRI,2022,5081765.0,5086142.083069981,4377.083069981076
Costa Rica,CRI,2023,5105525.0,5104405.306521923,1119.6934780767187
Costa Rica,CRI,2024,5129910.0,5130604.442500924,694.4425009237602
Costa Rica,CRI,2025,5152950.0,5155481.682643068,2531.682643068023
Cuba,CUB,2021,11122168.0,11149639.714053594,27471.714053593576
Cuba,CUB,2022,11059820.0,11065573.557854282,5753.557854281738
Cuba,CUB,2023,11019931.0,10996591.193445217,23339.806554783136
Cuba,CUB,2024,10979783.0,10981712.019142656,1929.0191426556557
Cuba,CUB,2025,10937203.0,10939458.024438478,2255.0244384780526
Curacao,CUW,2021,153948.0,155486.7450270189,1538.7450270188856
Curacao,CUW,2022,153321.0,154397.45737914692,1076.4573791469156
Curacao,CUW,2023,154654.0,154698.54758711092,44.547587110922905
Curacao,CUW,2024,155967.0,158062.90480706323,2095.904807063227
Curacao,CUW,2025,156263.0,159174.19425588442,2911.1942558844166
Cayman Islands,CYM,2021,70108.0,72037.0120813585,1929.0120813584945
Cayman Islands,CYM,2022,71591.0,73513.9796664177,1922.9796664176974
Cayman Islands,CYM,2023,73038.0,75033.52017132277,1995.5201713227725
Cayman Islands,CYM,2024,74457.0,76414.64132533822,1957.6413253382198
Cayman Islands,CYM,2025,75844.0,77784.10360323466,1940.10360323466
Cyprus,CYP,2021,1317309.0,1319641.136766682,2332.1367666819133
Cyprus,CYP,2022,1331370.0,1334149.9061563741,2779.9061563741416
Cyprus,CYP,2023,1344976.0,1347142.0505275524,2166.0505275523756
Cyprus,CYP,2024,1358282.0,1360310.907358633,2028.9073586328886
Cyprus,CYP,2025,1370754.0,1373303.9777370587,2549.9777370586526
Czechia,CZE,2021,10505772.0,10722828.05121467,217056.05121467076
Czechia,CZE,2022,10672118.0,10295439.673686849,376678.32631315105
Czechia,CZE,2023,10864042.0,10868192.282697447,4150.282697446644
Czechia,CZE,2024,10905028.0,11058923.770821514,153895.7708215136
Czechia,CZE,2025,10886878.0,10934059.031917272,47181.031917272136
Germany,DEU,2021,83196078.0,83207089.21503183,11011.215031832457
Germany,DEU,2022,83177813.0,83216401.07833561,38588.07833561301
Germany,DEU,2023,83287273.0,83142738.58883451,144534.41116549075
Germany,DEU,2024,83516593.0,83395042.87879248,121550.12120752037
Germany,DEU,2025,83491249.0,83744049.44827418,252800.4482741803
Djibouti,DJI,2021,1121248.0,1123523.9450205583,2275.9450205583125
Djibouti,DJI,2022,1137096.0,1139132.8062444571,2036.8062444571406
Djibouti,DJI,2023,1152944.0,1154760.0113413995,1816.0113413995132
Djibouti,DJI,2024,1168722.0,1170600.5425652124,1878.5425652123522
Djibouti,DJI,2025,1184076.0,1186278.0528456797,2202.052845679689
Dominica,DMA,2021,67202.0,69256.24790175227,2054.247901752271
Dominica,DMA,2022,66826.0,68795.1077007515,1969.1077007514978
Dominica,DMA,2023,66510.0,68397.09090020072,1887.0909002007247
Dominica,DMA,2024,66205.0,68124.83034492421,1919.8303449242085
Dominica,DMA,2025,65871.0,67805.16651006424,1934.1665100642422
Denmark,DNK,2021,5856733.0,5849149.461591971,7583.538408028893
Denmark,DNK,2022,5903037.0,5883814.942741,19222.057258999906
Denmark,DNK,2023,5946952.0,5952173.230045576,5221.230045575649
Denmark,DNK,2024,5976992.0,5991776.361024352,14784.36102435179
Denmark,DNK,2025,6009169.0,6006928.201774976,2240.7982250237837
Dominican Republic,DOM,2021,11123476.0,11123338.29120612,137.70879388041794
Dominican Republic,DOM,2022,11230734.0,11239286.920350753,8552.92035075277
Dominican Republic,DOM,2023,11331265.0,11337839.850415213,6574.850415213034
Dominican Republic,DOM,2024,11427557.0,11431671.35214309,4114.352143090218
Dominican Republic,DOM,2025,11520487.0,11523867.954403011,3380.9544030111283
Algeria,DZA,2021,44761099.0,44783898.55836104,22799.558361038566
Algeria,DZA,2022,45477389.0,45475181.49971607,2207.5002839267254
Algeria,DZA,2023,46164219.0,46190676.93017879,26457.930178791285
Algeria,DZA,2024,46814308.0,46845622.77071993,31314.77071993053
Algeria,DZA,2025,47435312.0,47458089.74871878,22777.74871878326
Ecuador,ECU,2021,17682454.0,17745172.155115437,62718.15511543676
Ecuador,ECU,2022,17823897.0,17812748.264099415,11148.735900584608
Ecuador,ECU,2023,17980083.0,17965242.291229755,14840.708770245314
Ecuador,ECU,2024,18135478.0,18136967.57036815,1489.5703681483865
Ecuador,ECU,2025,18289896.0,18290267.456780273,371.4567802734673
"Egypt, Arab Rep.",EGY,2021,110957008.0,111059073.91530326,102065.91530326009
"Egypt, Arab Rep.",EGY,2022,112618250.0,112579162.06483911,39087.93516089022
"Egypt, Arab Rep.",EGY,2023,114535772.0,114270775.7116233,264996.28837670386
"Egypt, Arab Rep.",EGY,2024,116538258.0,116464435.43027218,73822.56972782314
"Egypt, Arab Rep.",EGY,2025,118365995.0,118538079.88711415,172084.8871141523
Eritrea,ERI,2021,3350183.0,3344299.3018020634,5883.698197936639
Eritrea,ERI,2022,3409447.0,3411386.2790476973,1939.2790476973169
Eritrea,ERI,2023,3470390.0,3470368.646049545,21.353950454853475
Eritrea,ERI,2024,3535603.0,3533072.556949216,2530.443050784059
Eritrea,ERI,2025,3607003.0,3602749.886051924,4253.113948076032
Spain,ESP,2021,47443821.0,47587509.89448339,143688.89448338747
Spain,ESP,2022,47786102.0,47509749.815852925,276352.1841470748
Spain,ESP,2023,48352528.0,48144356.792881206,208171.20711879432
Spain,ESP,2024,48848840.0,48933064.827257186,84224.82725718617
Spain,ESP,2025,49355143.0,49335133.62719928,20009.37280072272
Estonia,EST,2021,1330932.0,1333746.7454649042,2814.745464904234
Estonia,EST,2022,1348840.0,1334002.686236104,14837.313763896003
Estonia,EST,2023,1370286.0,1369883.1411269465,402.85887305345386
Estonia,EST,2024,1372341.0,1393812.4924591265,21471.492459126515
Estonia,EST,2025,1366475.0,1374521.8858627523,8046.88586275233
Ethiopia,ETH,2021,122138588.0,122101880.0664048,36707.93359519541
Ethiopia,ETH,2022,125384287.0,125357670.4233747,26616.576625302434
Ethiopia,ETH,2023,128691692.0,128626399.14605244,65292.85394756496
Ethiopia,ETH,2024,132059767.0,131998161.14584775,61605.85415224731
Ethiopia,ETH,2025,135472051.0,135426482.6989894,45568.30101060867
Finland,FIN,2021,5541017.0,5538712.441981953,2304.5580180473626
Finland,FIN,2022,5556106.0,5553850.527510347,2255.472489653155
Finland,FIN,2023,5583911.0,5572552.131366141,11358.86863385886
Finland,FIN,2024,5619911.0,5613835.389480993,6075.610519006848
Finland,FIN,2025,5646436.0,5657673.6577058425,11237.657705842517
Fiji,FJI,2021,916711.0,917062.401917791,351.40191779099405
Fiji,FJI,2022,919422.0,920426.3430281575,1004.3430281574838
Fiji,FJI,2023,924145.0,924024.1422871153,120.8577128846664
Fiji,FJI,2024,928784.0,930829.8174433992,2045.8174433992244
Fiji,FJI,2025,933154.0,935192.9039607921,2038.903960792115
France,FRA,2021,67842811.0,67811053.46002126,31757.5399787426
France,FRA,2022,68184457.0,68077643.06937078,106813.93062922359
France,FRA,2023,68372286.0,68525817.94263822,153531.9426382184
France,FRA,2024,68551653.0,68538653.51602198,12999.483978018165
France,FRA,2025,68720337.0,68721183.95720403,846.957204028964
Faroe Islands,FRO,2021,53291.0,55328.812109696824,2037.8121096968243
Faroe Islands,FRO,2022,53903.0,55994.16079578866,2091.160795788659
Faroe Islands,FRO,2023,54398.0,56459.519989086635,2061.519989086635
Faroe Islands,FRO,2024,54640.0,56815.19029823721,2175.190298237212
Faroe Islands,FRO,2025,54900.0,56770.270413061575,1870.2704130615748
"Micronesia, Fed. Sts.",FSM,2021,111624.0,113558.93518111983,1934.9351811198285
"Micronesia, Fed. Sts.",FSM,2022,112114.0,114304.24820831517,2190.24820831517
"Micronesia, Fed. Sts.",FSM,2023,112630.0,114529.86478567944,1899.8647856794414
"Micronesia, Fed. Sts.",FSM,2024,113160.0,115069.73911858074,1909.7391185807355
"Micronesia, Fed. Sts.",FSM,2025,113683.0,115590.92605429998,1907.9260542999837
Gabon,GAB,2021,2376722.0,2379168.800155718,2446.8001557178795
Gabon,GAB,2022,2430747.0,2432660.12996489,1913.1299648899585
Gabon,GAB,2023,2484789.0,2486534.93967163,1745.9396716300398
Gabon,GAB,2024,2538952.0,2540576.9593540975,1624.9593540974893
Gabon,GAB,2025,2593130.0,2594838.68862271,1708.6886227098294
United Kingdom,GBR,2021,66978000.0,66824496.48722768,153503.5127723217
United Kingdom,GBR,2022,67636000.0,67217593.96857756,418406.03142243624
United Kingdom,GBR,2023,68526000.0,68320982.65270455,205017.34729544818
United Kingdom,GBR,2024,69281000.0,69428665.03919096,147665.0391909629
United Kingdom,GBR,2025,69487000.0,70018345.89516512,531345.8951651156
Georgia,GEO,2021,3708610.0,3727363.582861702,18753.582861701958
Georgia,GEO,2022,3712502.0,3694441.0622145617,18060.937785438262
Georgia,GEO,2023,3715483.0,3719180.3422188396,3697.3422188395634
Georgia,GEO,2024,3812518.0,3719700.0440430893,92817.95595691074
Georgia,GEO,2025,3935766.0,3918813.8595534367,16952.14044656325
Ghana,GHA,2021,32518665.0,32516507.276291776,2157.7237082235515
Ghana,GHA,2022,33149152.0,33148788.815913033,363.18408696725965
Ghana,GHA,2023,33787914.0,33778584.098277226,9329.90172277391
Ghana,GHA,2024,34427414.0,34426221.555147454,1192.4448525458574
Ghana,GHA,2025,35064272.0,35065722.93172893,1450.9317289292812
Gibraltar,GIB,2021,36858.0,38856.1612695535,1998.1612695535005
Gibraltar,GIB,2022,37609.0,39522.59404308193,1913.5940430819319
Gibraltar,GIB,2023,38471.0,40322.77215429809,1851.7721542980871
Gibraltar,GIB,2024,39329.0,41277.91807608644,1948.9180760864401
Gibraltar,GIB,2025,40126.0,42100.66847535124,1974.6684753512382
Guinea,GIN,2021,13710513.0,13709764.799918188,748.2000818122178
Guinea,GIN,2022,14055137.0,14051133.565532003,4003.434467997402
Guinea,GIN,2023,14405468.0,14401218.970533658,4249.029466342181
Guinea,GIN,2024,14754785.0,14757232.722599737,2447.722599737346
Guinea,GIN,2025,15099727.0,15104907.40773534,5180.407735340297
"Gambia, The",GMB,2021,2576010.0,2576582.9513881262,572.9513881262392
"Gambia, The",GMB,2022,2636470.0,2638198.466223641,1728.466223640833
"Gambia, The",GMB,2023,2697845.0,2698712.875841175,867.875841175206
"Gambia, The",GMB,2024,2759988.0,2761033.4302867004,1045.4302867003717
"Gambia, The",GMB,2025,2822093.0,2823903.367455905,1810.3674559048377
Guinea-Bissau,GNB,2021,2058841.0,2060671.1197420117,1830.1197420116514
Guinea-Bissau,GNB,2022,2105529.0,2106254.218169363,725.2181693632156
Guinea-Bissau,GNB,2023,2153339.0,2154105.770809453,766.7708094529808
Guinea-Bissau,GNB,2024,2201352.0,2203014.187165321,1662.187165320851
Guinea-Bissau,GNB,2025,2249515.0,2251126.8864976126,1611.886497612577
Equatorial Guinea,GNQ,2021,1758786.0,1764066.5484093856,5280.548409385607
Equatorial Guinea,GNQ,2022,1803545.0,1802646.4790715836,898.5209284164011
Equatorial Guinea,GNQ,2023,1847549.0,1850344.5009502638,2795.500950263813
Equatorial Guinea,GNQ,2024,1892516.0,1893303.2034451207,787.2034451207146
Equatorial Guinea,GNQ,2025,1938431.0,1939346.2719637817,915.2719637816772
Greece,GRC,2021,10570130.0,10674728.909164686,104598.90916468576
Greece,GRC,2022,10437805.0,10432754.771035643,5050.228964356706
Greece,GRC,2023,10407351.0,10304749.073094781,102601.92690521851
Greece,GRC,2024,10405134.0,10385114.34972203,20019.65027797036
Greece,GRC,2025,10413962.0,10405301.226261694,8660.773738306016
Grenada,GRD,2021,116688.0,118692.41016804075,2004.4101680407475
Grenada,GRD,2022,116913.0,118997.78881620598,2084.7888162059826
Grenada,GRD,2023,117081.0,119069.61841106645,1988.6184110664472
Grenada,GRD,2024,117207.0,119163.76470436485,1956.7647043648467
Grenada,GRD,2025,117303.0,119226.95374722403,1923.9537472240336
Greenland,GRL,2021,56653.0,58499.352456422,1846.3524564219988
Greenland,GRL,2022,56661.0,58924.5565172498,2263.5565172498027
Greenland,GRL,2023,56865.0,58597.51760733532,1732.5176073353214
Greenland,GRL,2024,56836.0,59014.723352266534,2178.7233522665338
Greenland,GRL,2025,56831.0,58695.32261376121,1864.3226137612073
Guatemala,GTM,2021,17598650.0,17610583.874723017,11933.874723017216
Guatemala,GTM,2022,17847877.0,17838982.610139973,8894.389860026538
Guatemala,GTM,2023,18124838.0,18097701.024631348,27136.975368652493
Guatemala,GTM,2024,18406359.0,18404045.48231731,2313.5176826901734
Guatemala,GTM,2025,18687881.0,18688208.105208553,327.1052085533738
Guam,GUM,2021,163730.0,164584.21182071793,854.2118207179301
Guam,GUM,2022,165180.0,167361.52653589347,2181.5265358934703
Guam,GUM,2023,166506.0,168558.60756591914,2052.607565919141
Guam,GUM,2024,167777.0,169737.8619296887,1960.86192968869
Guam,GUM,2025,168999.0,170937.14861667948,1938.1486166794784
Guyana,GUY,2021,815482.0,807847.74598331,7634.254016689956
Guyana,GUY,2022,821637.0,826019.0315912198,4382.0315912198275
Guyana,GUY,2023,826353.0,829488.6496323936,3135.6496323936153
Guyana,GUY,2024,831087.0,832769.5557810466,1682.555781046627
Guyana,GUY,2025,835986.0,837616.4296592686,1630.429659268586
"Hong Kong SAR, China",HKG,2021,7413100.0,7448068.7259869855,34968.72598698549
"Hong Kong SAR, China",HKG,2022,7346100.0,7342300.696551725,3799.3034482747316
"Hong Kong SAR, China",HKG,2023,7536100.0,7279571.38068754,256528.6193124596
"Hong Kong SAR, China",HKG,2024,7524100.0,7748276.59295962,224176.59295962006
"Hong Kong SAR, China",HKG,2025,7498900.0,7496383.424984422,2516.575015578419
Honduras,HND,2021,10289877.0,10296473.388429776,6596.388429775834
Honduras,HND,2022,10463872.0,10460593.694221655,3278.305778345093
Honduras,HND,2023,10644851.0,10639079.084587296,5771.915412703529
Honduras,HND,2024,10825703.0,10827279.395312972,1576.3953129723668
Honduras,HND,2025,11005850.0,11007377.63668484,1527.636684840545
Croatia,HRV,2021,3878981.0,3880534.953834423,1553.953834422864
Croatia,HRV,2022,3855641.0,3844911.159568887,10729.840431112796
Croatia,HRV,2023,3859686.0,3834451.3270955523,25234.672904447652
Croatia,HRV,2024,3866200.0,3867227.306112242,1027.3061122419313
Croatia,HRV,2025,3876200.0,3874189.9715273418,2010.0284726582468
Haiti,HTI,2021,11374586.0,11382865.489125494,8279.489125493914
Haiti,HTI,2022,11503606.0,11505268.699827017,1662.6998270172626
Haiti,HTI,2023,11637398.0,11633021.132992143,4376.867007857189
Haiti,HTI,2024,11772557.0,11772084.037214385,472.9627856146544
Haiti,HTI,2025,11906095.0,11908296.375068273,2201.3750682733953
Hungary,HUN,2021,9630932.0,9645251.575549355,14319.575549354777
Hungary,HUN,2022,9605074.0,9590374.872950781,14699.127049218863
Hungary,HUN,2023,9592186.0,9580501.883502902,11684.116497097537
Hungary,HUN,2024,9562065.0,9580567.660629842,18502.66062984243
Hungary,HUN,2025,9514251.0,9530687.754475722,16436.75447572209
Indonesia,IDN,2021,276758053.0,277087877.3264453,329824.3264452815
Indonesia,IDN,2022,278830529.0,278633022.44251287,197506.55748713017
Indonesia,IDN,2023,281190067.0,280876202.4526231,313864.5473768711
Indonesia,IDN,2024,283487931.0,283536338.6500249,48407.6500248909
Indonesia,IDN,2025,285721236.0,285743734.0653204,22498.06532037258
Isle of Man,IMN,2021,84106.0,86157.62036834986,2051.6203683498607
Isle of Man,IMN,2022,84132.0,86110.90290171685,1978.9029017168505
Isle of Man,IMN,2023,84165.0,86102.9627332527,1937.9627332527016
Isle of Man,IMN,2024,84160.0,86123.02599599474,1963.0259959947434
Isle of Man,IMN,2025,84118.0,86054.41931120233,1936.419311202335
India,IND,2021,1414203896.0,1415960567.6377962,1756671.6377961636
India,IND,2022,1425423212.0,1425436736.01024,13524.010240077972
India,IND,2023,1438069596.0,1436417326.6059318,1652269.3940682411
India,IND,2024,1450935791.0,1450639370.8813426,296420.11865735054
India,IND,2025,1463865525.0,1463626786.9619122,238738.03808784485
Ireland,IRL,2021,5110585.0,5103226.099718897,7358.900281103328
Ireland,IRL,2022,5212836.0,5183438.636401627,29397.363598372787
Ireland,IRL,2023,5311538.0,5319123.446924386,7585.446924385615
Ireland,IRL,2024,5395790.0,5411404.295343907,15614.295343906619
Ireland,IRL,2025,5484367.0,5480228.40837903,4138.591620969586
"Iran, Islamic Rep.",IRN,2021,88455488.0,88363896.1870745,91591.81292550266
"Iran, Islamic Rep.",IRN,2022,89524246.0,89182265.72165093,341980.27834907174
"Iran, Islamic Rep.",IRN,2023,90608707.0,90611278.29694644,2571.2969464361668
"Iran, Islamic Rep.",IRN,2024,91567738.0,91685429.05685286,117691.05685286224
"Iran, Islamic Rep.",IRN,2025,92417681.0,92506921.41595013,89240.4159501344
Iraq,IRQ,2021,43071211.0,43039616.73245785,31594.267542153597
Iraq,IRQ,2022,44070551.0,44026941.3150446,43609.68495540321
Iraq,IRQ,2023,45074049.0,45072189.15985449,1859.8401455134153
Iraq,IRQ,2024,46042015.0,46076397.6655353,34382.66553530097
Iraq,IRQ,2025,47020774.0,47005288.894801125,15485.10519887507
Iceland,ISL,2021,372520.0,374173.12906314986,1653.129063149856
Iceland,ISL,2022,382003.0,380534.1224734806,1468.8775265194126
Iceland,ISL,2023,385663.0,393698.05624988786,8035.056249887857
Iceland,ISL,2024,386506.0,390741.81452326494,4235.81452326494
Iceland,ISL,2025,392404.0,388975.86035124364,3428.1396487563616
Israel,ISR,2021,9371400.0,9376498.561591132,5098.561591131613
Israel,ISR,2022,9557500.0,9528355.983580114,29144.01641988568
Israel,ISR,2023,9849000.0,9747120.39706239,101879.60293761082
Israel,ISR,2024,10002200.0,10150500.243784873,148300.24378487282
Israel,ISR,2025,10122800.0,10145108.335080506,22308.33508050628
Italy,ITA,2021,59133173.0,59127632.96511625,5540.034883752465
Italy,ITA,2022,59013667.0,58816677.64350051,196989.35649949312
Italy,ITA,2023,58984216.0,58900403.04874572,83812.95125427842
Italy,ITA,2024,58952704.0,58953635.76463096,931.7646309584379
Italy,ITA,2025,58915656.0,58912613.188972116,3042.8110278844833
Jamaica,JAM,2021,2837682.0,2840100.499822426,2418.4998224261217
Jamaica,JAM,2022,2839144.0,2846104.8032053965,6960.803205396514
Jamaica,JAM,2023,2839786.0,2841640.4318186515,1854.431818651501
Jamaica,JAM,2024,2839175.0,2841812.5955723566,2637.5955723566003
Jamaica,JAM,2025,2837077.0,2839886.5315296953,2809.5315296952613
Jordan,JOR,2021,11066356.0,11058223.131961763,8132.868038237095
Jordan,JOR,2022,11256263.0,11269056.929618716,12793.92961871624
Jordan,JOR,2023,11439213.0,11446107.117299728,6894.1172997280955
Jordan,JOR,2024,11552876.0,11622360.04107078,69484.04107077979
Jordan,JOR,2025,11520684.0,11661369.28274344,140685.28274343908
Japan,JPN,2021,125681593.0,125851919.01908503,170326.01908503473
Japan,JPN,2022,125124989.0,125063199.67726989,61789.322730109096
Japan,JPN,2023,124516650.0,124548126.52739467,31476.527394667268
Japan,JPN,2024,123975371.0,123881903.10487543,93467.89512456954
Japan,JPN,2025,123366734.0,123417622.3530045,50888.35300450027
Kazakhstan,KAZ,2021,19743603.0,19754158.017680693,10555.017680693418
Kazakhstan,KAZ,2022,20034609.0,20003903.900624648,30705.099375352263
Kazakhstan,KAZ,2023,20330104.0,20327758.214360833,2345.785639166832
Kazakhstan,KAZ,2024,20592571.0,20625671.4442323,33100.444232299924
Kazakhstan,KAZ,2025,20843754.0,20851875.68958646,8121.68958646059
Kenya,KEN,2021,53219166.0,53230749.06926943,11583.069269433618
Kenya,KEN,2022,54252461.0,54217120.121672675,35340.87832732499
Kenya,KEN,2023,55339003.0,55285372.032247856,53630.96775214374
Kenya,KEN,2024,56432944.0,56426938.938322574,6005.0616774261
Kenya,KEN,2025,57532493.0,57524405.014635295,8087.985364705324
Kyrgyz Republic,KGZ,2021,6851224.0,6863630.638009778,12406.638009778224
Kyrgyz Republic,KGZ,2022,6975220.0,6976245.080988662,1025.0809886623174
Kyrgyz Republic,KGZ,2023,7099750.0,7100459.712538356,709.7125383559614
Kyrgyz Republic,KGZ,2024,7221868.0,7225576.667762941,3708.6677629407495
Kyrgyz Republic,KGZ,2025,7343064.0,7344991.798671605,1927.7986716050655
Cambodia,KHM,2021,16974305.0,16972833.16141298,1471.8385870195925
Cambodia,KHM,2022,17201724.0,17223642.936909523,21918.93690952286
Cambodia,KHM,2023,17423880.0,17427394.17036441,3514.170364409685
Cambodia,KHM,2024,17638801.0,17645505.582412258,6704.582412257791
Cambodia,KHM,2025,17847982.0,17852942.16782516,4960.167825158685
Kiribati,KIR,2021,128377.0,130296.4811404846,1919.4811404845968
Kiribati,KIR,2022,130469.0,132633.2837256233,2164.2837256233033
Kiribati,KIR,2023,132530.0,134493.2462495655,1963.2462495655054
Kiribati,KIR,2024,134518.0,136513.43216303387,1995.4321630338673
Kiribati,KIR,2025,136488.0,138402.57028540334,1914.5702854033443
St. Kitts and Nevis,KNA,2021,46763.0,48781.7593119746,2018.7593119746016
St. Kitts and Nevis,KNA,2022,46709.0,48627.934312661295,1918.9343126612948
St. Kitts and Nevis,KNA,2023,46758.0,48611.6457335991,1853.6457335991
St. Kitts and Nevis,KNA,2024,46843.0,48746.30036504399,1903.3003650439932
St. Kitts and Nevis,KNA,2025,46922.0,48840.22722469228,1918.2272246922803
"Korea, Rep.",KOR,2021,51769539.0,51892276.75222887,122737.75222887099
"Korea, Rep.",KOR,2022,51672569.0,51684448.6849895,11879.684989497066
"Korea, Rep.",KOR,2023,51712619.0,51565763.92479077,146855.07520923018
"Korea, Rep.",KOR,2024,51751065.0,51756884.8333537,5819.833353698254
"Korea, Rep.",KOR,2025,51684564.0,51782518.766880095,97954.766880095
Kuwait,KWT,2021,4360865.0,4346314.478409928,14550.52159007173
Kuwait,KWT,2022,4589643.0,4322733.300009453,266909.69999054726
Kuwait,KWT,2023,4853420.0,4842198.758093787,11221.241906212643
Kuwait,KWT,2024,4897263.0,5122266.149037546,225003.14903754555
Kuwait,KWT,2025,4865298.0,4924641.334716874,59343.334716874175
Lao PDR,LAO,2021,7453194.0,7456582.400537554,3388.4005375541747
Lao PDR,LAO,2022,7559007.0,7560833.127836026,1826.1278360262513
Lao PDR,LAO,2023,7664993.0,7665866.193693873,873.1936938725412
Lao PDR,LAO,2024,7769819.0,7772068.0965943765,2249.0965943764895
Lao PDR,LAO,2025,7873046.0,7875581.671227824,2535.671227823943
Lebanon,LBN,2021,5718122.0,5618663.328875443,99458.67112455703
Lebanon,LBN,2022,5744489.0,5743606.325938478,882.6740615218878
Lebanon,LBN,2023,5773493.0,5772796.103421716,696.8965782839805
Lebanon,LBN,2024,5805962.0,5803776.500096274,2185.4999037263915
Lebanon,LBN,2025,5849421.0,5839764.893326744,9656.106673255563
Liberia,LBR,2021,5259323.0,5257323.240443534,1999.7595564657822
Liberia,LBR,2022,5373294.0,5371066.474371691,2227.5256283087656
Liberia,LBR,2023,5493031.0,5489124.291273614,3906.7087263856083
Liberia,LBR,2024,5612817.0,5614743.269399006,1926.2693990059197
Liberia,LBR,2025,5731206.0,5734075.186693883,2869.1866938825697
Libya,LBY,2021,7135175.0,7140348.622983582,5173.622983582318
Libya,LBY,2022,7223805.0,7225720.861975644,1915.8619756437838
Libya,LBY,2023,7305659.0,7313440.3075938225,7781.307593822479
Libya,LBY,2024,7381023.0,7387999.075846,6976.075845999643
Libya,LBY,2025,7458555.0,7456833.020889012,1721.979110987857
St. Lucia,LCA,2021,178522.0,180810.62910308264,2288.6291030826396
St. Lucia,LCA,2022,178781.0,180721.2701776534,1940.2701776534086
St. Lucia,LCA,2023,179285.0,180969.85491503013,1684.854915030126
St. Lucia,LCA,2024,179744.0,181718.81329987,1974.813299870002
St. Lucia,LCA,2025,180149.0,182087.34975041827,1938.3497504182742
Liechtenstein,LIE,2021,39182.0,41239.75400936682,2057.7540093668213
Liechtenstein,LIE,2022,39493.0,41435.355455454366,1942.3554554543662
Liechtenstein,LIE,2023,39846.0,41761.62898703203,1915.6289870320325
Liechtenstein,LIE,2024,40450.0,42135.90276738042,1685.902767380423
Liechtenstein,LIE,2025,41024.0,42986.92075740613,1962.9207574061293
Sri Lanka,LKA,2021,22156000.0,22032349.637858193,123650.36214180663
Sri Lanka,LKA,2022,22181000.0,22401936.063029036,220936.06302903593
Sri Lanka,LKA,2023,22037000.0,22187148.121936288,150148.12193628773
Sri Lanka,LKA,2024,21916000.0,21876880.95357124,39119.04642875865
Sri Lanka,LKA,2025,21756000.0,21794454.753292948,38454.75329294801
Lesotho,LSO,2021,2261542.0,2263823.3008992467,2281.3008992467076
Lesotho,LSO,2022,2286110.0,2289020.042029507,2910.0420295069925
Lesotho,LSO,2023,2311472.0,2312249.9076799336,777.907679933589
Lesotho,LSO,2024,2337423.0,2338547.6625666176,1124.662566617597
Lesotho,LSO,2025,2363325.0,2365047.403048416,1722.403048416134
Lithuania,LTU,2021,2808380.0,2811759.974996386,3379.974996386096
Lithuania,LTU,2022,2831639.0,2807777.011505906,23861.988494093996
Lithuania,LTU,2023,2871585.0,2858505.295550004,13079.704449995887
Lithuania,LTU,2024,2888278.0,2914492.2493867744,26214.249386774376
Lithuania,LTU,2025,2888774.0,2904587.2667388762,15813.266738876235
Luxembourg,LUX,2021,640064.0,642646.0705499538,2582.0705499538453
Luxembourg,LUX,2022,653103.0,651560.5348207343,1542.4651792657096
Luxembourg,LUX,2023,666430.0,668320.0901699081,1890.0901699081296
Luxembourg,LUX,2024,677012.0,681661.8919042423,4649.891904242337
Luxembourg,LUX,2025,686970.0,689218.8447258163,2248.844725816278
Latvia,LVA,2021,1884490.0,1888691.8155297544,4201.815529754385
Latvia,LVA,2022,1879383.0,1869909.7686724793,9473.231327520683
Latvia,LVA,2023,1883710.0,1876764.1477041189,6945.852295881137
Latvia,LVA,2024,1866124.0,1890429.378324049,24305.37832404906
Latvia,LVA,2025,1847785.0,1848289.723628983,504.7236289829016
"Macao SAR, China",MAC,2021,682500.0,700768.3428513041,18268.3428513041
"Macao SAR, China",MAC,2022,677300.0,680138.1482799256,2838.1482799255755
"Macao SAR, China",MAC,2023,678800.0,673735.5689025825,5064.431097417488
"Macao SAR, China",MAC,2024,687000.0,682668.0383383792,4331.961661620764
"Macao SAR, China",MAC,2025,685900.0,697573.980211437,11673.980211436981
St. Martin (French part),MAF,2021,29961.0,31233.697336657773,1272.6973366577731
St. Martin (French part),MAF,2022,28870.0,30158.244586752728,1288.2445867527276
St. Martin (French part),MAF,2023,27515.0,29789.100680595773,2274.100680595773
St. Martin (French part),MAF,2024,26129.0,28066.93475955153,1937.9347595515283
St. Martin (French part),MAF,2025,24941.0,26647.003169724398,1706.0031697243976
Morocco,MAR,2021,36954442.0,36954997.76073091,555.760730907321
Morocco,MAR,2022,37329064.0,37321633.569327,7430.430673003197
Morocco,MAR,2023,37712505.0,37701177.66456559,11327.335434406996
Morocco,MAR,2024,38081173.0,38093745.0802245,12572.080224499106
Morocco,MAR,2025,38430770.0,38445588.76196267,14818.761962667108
Monaco,MCO,2021,38527.0,39987.3515438278,1460.3515438277973
Monaco,MCO,2022,38931.0,41025.115942503675,2094.115942503675
Monaco,MCO,2023,38956.0,41284.82967004065,2328.82967004065
Monaco,MCO,2024,38631.0,40882.69722392135,2251.69722392135
Monaco,MCO,2025,38341.0,40186.75142232988,1845.7514223298786
Moldova,MDA,2021,2595809.0,2608577.1135929,12768.11359289987
Moldova,MDA,2022,2528654.0,2557026.2190944697,28372.219094469678
Moldova,MDA,2023,2457783.0,2460486.74878411,2703.74878410995
Moldova,MDA,2024,2402306.0,2387817.8337370516,14488.16626294842
Moldova,MDA,2025,2360527.0,2349329.843112451,11197.156887548976
Madagascar,MDG,2021,29691083.0,29688508.123573247,2574.8764267526567
Madagascar,MDG,2022,30437261.0,30428954.734803904,8306.265196096152
Madagascar,MDG,2023,31195932.0,31184083.71867043,11848.281329568475
Madagascar,MDG,2024,31964956.0,31955458.786383834,9497.213616166264
Madagascar,MDG,2025,32740678.0,32734553.616889413,6124.383110586554
Maldives,MDV,2021,516154.0,518465.4038264642,2311.4038264642004
Maldives,MDV,2022,524106.0,532116.0902094375,8010.090209437534
Maldives,MDV,2023,525994.0,533472.3474700376,7478.347470037639
Maldives,MDV,2024,527799.0,529249.4123426499,1450.4123426498845
Maldives,MDV,2025,529676.0,531430.9717321544,1754.9717321543721
Mexico,MEX,2021,127648148.0,127807371.7969893,159223.7969893068
Mexico,MEX,2022,128613117.0,128465782.52034546,147334.47965453565
Mexico,MEX,2023,129739759.0,129571351.35505228,168407.64494772255
Mexico,MEX,2024,130861007.0,130863844.91015403,2837.910154029727
Mexico,MEX,2025,131946900.0,131965994.72250591,19094.722505912185
Marshall Islands,MHL,2021,41367.0,43394.41295219977,2027.4129521997675
Marshall Islands,MHL,2022,40077.0,41994.454804570894,1917.4548045708943
Marshall Islands,MHL,2023,38827.0,40739.0878732212,1912.0878732212004
Marshall Islands,MHL,2024,37548.0,39506.937564842025,1958.9375648420246
Marshall Islands,MHL,2025,36282.0,38171.65601862098,1889.6560186209826
North Macedonia,MKD,2021,1837114.0,1836989.409457503,124.59054249711335
North Macedonia,MKD,2022,1831712.0,1819777.00991883,11934.990081170108
North Macedonia,MKD,2023,1827816.0,1829027.2293069856,1211.2293069856241
North Macedonia,MKD,2024,1824359.0,1825647.2657192396,1288.2657192396
North Macedonia,MKD,2025,1820909.0,1822523.9632369378,1614.963236937765
Mali,MLI,2021,22388630.0,22361863.481794827,26766.518205173314
Mali,MLI,2022,23072640.0,23066840.567772284,5799.43222771585
Mali,MLI,2023,23769127.0,23758342.843102936,10784.156897064298
Mali,MLI,2024,24478595.0,24467481.765743405,11113.234256595373
Mali,MLI,2025,25198821.0,25189883.433940053,8937.566059947014
Malta,MLT,2021,518150.0,528354.0966726358,10204.096672635758
Malta,MLT,2022,531113.0,521995.7379995639,9117.26200043608
Malta,MLT,2023,552747.0,546831.6922454594,5915.307754540583
Malta,MLT,2024,568847.0,577017.3604832712,8170.360483271186
Malta,MLT,2025,579704.0,586389.789772092,6685.7897720920155
Myanmar,MMR,2021,53387102.0,53387397.367366195,295.36736619472504
Myanmar,MMR,2022,53756787.0,53751626.45168784,5160.5483121573925
Myanmar,MMR,2023,54133798.0,54120676.12864715,13121.87135285139
Myanmar,MMR,2024,54500091.0,54505620.615832955,5529.615832954645
Myanmar,MMR,2025,54850648.0,54859609.51529826,8961.515298262239
Montenegro,MNE,2021,625053.0,628283.747138263,3230.747138262959
Montenegro,MNE,2022,623591.0,625273.0000918834,1682.000091883354
Montenegro,MNE,2023,623529.0,623981.5486493463,452.5486493463395
Montenegro,MNE,2024,623525.0,625410.6308305803,1885.6308305802522
Montenegro,MNE,2025,623129.0,625334.9082423885,2205.908242388512
Mongolia,MNG,2021,3383741.0,3388427.076480243,4686.076480242889
Mongolia,MNG,2022,3433748.0,3441680.3549503684,7932.354950368404
Mongolia,MNG,2023,3481145.0,3484813.469765123,3668.46976512298
Mongolia,MNG,2024,3524788.0,3529875.0333512286,5087.033351228572
Mongolia,MNG,2025,3568978.0,3569626.123428883,648.123428883031
Northern Mariana Islands,MNP,2021,46979.0,48948.448109587436,1969.4481095874362
Northern Mariana Islands,MNP,2022,46078.0,48406.17823581486,2328.178235814863
Northern Mariana Islands,MNP,2023,45143.0,47097.42499492322,1954.424994923218
Northern Mariana Islands,MNP,2024,44278.0,46132.253075664106,1854.2530756641063
Northern Mariana Islands,MNP,2025,43541.0,45324.27424986991,1783.274249869908
Mozambique,MOZ,2021,31707800.0,31686299.798775215,21500.201224785298
Mozambique,MOZ,2022,32656246.0,32634435.54767338,21810.45232662186
Mozambique,MOZ,2023,33635160.0,33607097.83316931,28062.166830688715
Mozambique,MOZ,2024,34631766.0,34616915.82094239,14850.179057613015
Mozambique,MOZ,2025,35631653.0,35630067.03615868,1585.9638413190842
Mauritania,MRT,2021,4734874.0,4734533.044210521,340.95578947942704
Mauritania,MRT,2022,4875637.0,4871554.587394013,4082.4126059869304
Mauritania,MRT,2023,5022441.0,5018615.8562881965,3825.143711803481
Mauritania,MRT,2024,5169395.0,5171441.657376351,2046.657376350835
Mauritania,MRT,2025,5315065.0,5318024.293496687,2959.293496686965
Mauritius,MUS,2021,1266334.0,1267798.010010455,1464.0100104550365
Mauritius,MUS,2022,1262523.0,1268442.4063014896,5919.4063014895655
Mauritius,MUS,2023,1248647.0,1260104.8636645116,11457.863664511591
Mauritius,MUS,2024,1245779.0,1235622.3598558707,10156.640144129284
Mauritius,MUS,2025,1243741.0,1245487.38592494,1746.3859249399975
Malawi,MWI,2021,20047258.0,20043707.130826186,3550.8691738136113
Malawi,MWI,2022,20568728.0,20561801.74778503,6926.2522149682045
Malawi,MWI,2023,21104482.0,21091526.034637418,12955.965362582356
Malawi,MWI,2024,21655286.0,21642010.199251782,13275.800748217851
Malawi,MWI,2025,22216120.0,22207874.42508587,8245.574914131314
Malaysia,MYS,2021,34282399.0,34330118.53153449,47719.53153449297
Malaysia,MYS,2022,34695493.0,34668482.743938595,27010.256061404943
Malaysia,MYS,2023,35126298.0,35107980.181006715,18317.8189932853
Malaysia,MYS,2024,35557673.0,35556272.127614394,1400.8723856061697
Malaysia,MYS,2025,35977838.0,35986741.70659657,8903.706596568227
Namibia,NAM,2021,2810548.0,2809314.4676762023,1233.532323797699
Namibia,NAM,2022,2889662.0,2894470.24676198,4808.246761980001
Namibia,NAM,2023,2963095.0,2970366.225334539,7271.225334539078
Namibia,NAM,2024,3030131.0,3037816.461272056,7685.4612720562145
Namibia,NAM,2025,3092816.0,3098336.4933678163,5520.493367816322
New Caledonia,NCL,2021,285214.0,286744.3665352847,1530.3665352846729
New Caledonia,NCL,2022,287123.0,288227.4276483089,1104.4276483089197
New Caledonia,NCL,2023,289870.0,291021.55550865707,1151.5555086570675
New Caledonia,NCL,2024,292639.0,294585.2546805548,1946.25468055479
New Caledonia,NCL,2025,295333.0,297288.28969695966,1955.2896969596623
Niger,NER,2021,24502140.0,24489544.50223684,12595.497763160616
Niger,NER,2022,25311973.0,25289011.8579507,22961.142049301416
Niger,NER,2023,26159867.0,26124956.36622647,34910.633773531765
Niger,NER,2024,27032412.0,27011936.699788176,20475.300211824477
Niger,NER,2025,27917831.0,27907986.568751547,9844.431248452514
Nigeria,NGA,2021,218529286.0,218488438.34036034,40847.659639656544
Nigeria,NGA,2022,223150896.0,223048149.06387177,102746.9361282289
Nigeria,NGA,2023,227882945.0,227763143.13139024,119801.86860975623
Nigeria,NGA,2024,232679478.0,232607039.88240668,72438.11759331822
Nigeria,NGA,2025,237527782.0,237463782.75479034,63999.24520966411
Nicaragua,NIC,2021,6644741.0,6647943.056945016,3202.0569450156763
Nicaragua,NIC,2022,6730654.0,6725222.579241631,5431.420758369379
Nicaragua,NIC,2023,6823613.0,6818257.064163063,5355.9358369372785
Nicaragua,NIC,2024,6916140.0,6918303.780519024,2163.7805190235376
Nicaragua,NIC,2025,7007502.0,7009756.385656759,2254.385656759143
Netherlands,NLD,2021,17533044.0,17536195.7095804,3151.709580399096
Netherlands,NLD,2022,17700982.0,17623528.18332632,77453.81667368114
Netherlands,NLD,2023,17877117.0,17874708.67333108,2408.326668921858
Netherlands,NLD,2024,17993485.0,18053527.6543168,60042.65431680158
Netherlands,NLD,2025,18087633.0,18104348.801598877,16715.801598876715
Norway,NOR,2021,5408320.0,5411911.04296396,3591.042963960208
Norway,NOR,2022,5457127.0,5438117.690034025,19009.30996597465
Norway,NOR,2023,5519601.0,5508772.579844169,10828.420155830681
Norway,NOR,2024,5572279.0,5584433.120128337,12154.120128337294
Norway,NOR,2025,5610870.0,5625350.503548624,14480.503548623994
Nepal,NPL,2021,29475010.0,29536066.99612287,61056.996122870594
Nepal,NPL,2022,29715436.0,29978994.210089143,263558.21008914337
Nepal,NPL,2023,29694614.0,29932131.315215457,237517.31521545723
Nepal,NPL,2024,29651054.0,29649450.501923766,1603.4980762340128
Nepal,NPL,2025,29618118.0,29602262.295521963,15855.704478036612
Naoero,NRU,2021,11709.0,13697.194041150073,1988.1940411500727
Naoero,NRU,2022,11801.0,13756.569121346845,1955.5691213468453
Naoero,NRU,2023,11875.0,13854.140741950501,1979.1407419505013
Naoero,NRU,2024,11947.0,13884.688084204125,1937.6880842041246
Naoero,NRU,2025,12025.0,13934.141237998894,1909.1412379988942
New Zealand,NZL,2021,5084600.0,5178683.249159477,94083.24915947672
New Zealand,NZL,2022,5081700.0,5090710.898176077,9010.898176076822
New Zealand,NZL,2023,5200000.0,5078652.455917182,121347.54408281762
New Zealand,NZL,2024,5290000.0,5329623.260257473,39623.260257473215
New Zealand,NZL,2025,5324700.0,5379113.465609641,54413.465609640814
Oman,OMN,2021,4500424.0,4449670.3705454925,50753.62945450749
Oman,OMN,2022,4730226.0,4483220.81310488,247005.18689511996
Oman,OMN,2023,5049269.0,4982471.784010782,66797.2159892181
Oman,OMN,2024,5281538.0,5377959.660639768,96421.66063976754
Oman,OMN,2025,5494691.0,5508828.628145093,14137.628145093098
Pakistan,PAK,2021,239477801.0,239208762.81236652,269038.1876334846
Pakistan,PAK,2022,243700667.0,243956105.9411141,255438.94111409783
Pakistan,PAK,2023,247504495.0,247881341.53178748,376846.5317874849
Pakistan,PAK,2024,251269164.0,251250260.51688632,18903.48311367631
Pakistan,PAK,2025,255219554.0,255005544.24526486,214009.754735142
Panama,PAN,2021,4345405.0,4352671.780614946,7266.7806149460375
Panama,PAN,2022,4400773.0,4398490.078322175,2282.921677825041
Panama,PAN,2023,4458759.0,4457841.760658444,917.2393415560946
Panama,PAN,2024,4515577.0,4518376.478455562,2799.4784555621445
Panama,PAN,2025,4571189.0,4573684.615124955,2495.615124954842
Peru,PER,2021,33155882.0,33212784.473556306,56902.47355630621
Peru,PER,2022,33475438.0,33465015.967823062,10422.032176937908
Peru,PER,2023,33845617.0,33792740.07540801,52876.924591988325
Peru,PER,2024,34217848.0,34217575.15044114,272.84955886006355
Peru,PER,2025,34576665.0,34587866.257977545,11201.257977545261
Philippines,PHL,2021,113100950.0,113340967.3329312,240017.33293120563
Philippines,PHL,2022,113964338.0,114086799.40017127,122461.400171265
Philippines,PHL,2023,114891199.0,114801145.49218298,90053.50781701505
Philippines,PHL,2024,115843670.0,115809286.6088218,34383.39117820561
Philippines,PHL,2025,116786962.0,116784241.00696845,2720.9930315464735
Palau,PLW,2021,17783.0,19788.019123847313,2005.0191238473126
Palau,PLW,2022,17759.0,19753.144626882065,1994.1446268820655
Palau,PLW,2023,17727.0,19691.301066460583,1964.3010664605827
Palau,PLW,2024,17695.0,19630.020705284544,1935.0207052845435
Palau,PLW,2025,17663.0,19576.855776306118,1913.855776306118
Papua New Guinea,PNG,2021,10012896.0,10023063.949008573,10167.949008572847
Papua New Guinea,PNG,2022,10203169.0,10210383.217289593,7214.217289593071
Papua New Guinea,PNG,2023,10389635.0,10393912.89564351,4277.895643509924
Papua New Guinea,PNG,2024,10576502.0,10576748.695736673,246.69573667272925
Papua New Guinea,PNG,2025,10762817.0,10764303.468939483,1486.4689394831657
Poland,POL,2021,36981559.0,37024081.84927814,42522.84927813709
Poland,POL,2022,36821749.0,36433825.18083802,387923.81916198134
Poland,POL,2023,36687353.0,36687011.22453946,341.7754605412483
Poland,POL,2024,36559233.0,36550015.92571293,9217.074287071824
Poland,POL,2025,36435861.0,36426657.13288255,9203.867117449641
Puerto Rico (US),PRI,2021,3262731.0,3259168.2435132903,3562.7564867096953
Puerto Rico (US),PRI,2022,3220148.0,3245387.806587064,25239.806587064173
Puerto Rico (US),PRI,2023,3203794.0,3176871.524111492,26922.475888507906
Puerto Rico (US),PRI,2024,3202521.0,3190867.709442155,11653.29055784503
Puerto Rico (US),PRI,2025,3184835.0,3203821.2931843465,18986.29318434652
"Korea, Dem. People's Rep.",PRK,2021,26232534.0,26232278.158475544,255.84152445569634
"Korea, Dem. People's Rep.",PRK,2022,26328845.0,26326423.953726824,2421.046273175627
"Korea, Dem. People's Rep.",PRK,2023,26418204.0,26422991.153971456,4787.153971455991
"Korea, Dem. People's Rep.",PRK,2024,26498823.0,26504763.136506792,5940.136506792158
"Korea, Dem. People's Rep.",PRK,2025,26571036.0,26576424.218178853,5388.218178853393
Portugal,PRT,2021,10361831.0,10308845.281167872,52985.71883212775
Portugal,PRT,2022,10434332.0,10431400.69241049,2931.3075895104557
Portugal,PRT,2023,10578174.0,10507930.063152263,70243.93684773706
Portugal,PRT,2024,10694681.0,10728502.165805196,33821.16580519639
Portugal,PRT,2025,10804871.0,10809560.230652371,4689.2306523714215
Paraguay,PRY,2021,6684182.0,6693749.728744022,9567.728744021617
Paraguay,PRY,2022,6760464.0,6765138.179312871,4674.179312870838
Paraguay,PRY,2023,6844146.0,6837534.64877666,6611.351223340258
Paraguay,PRY,2024,6929153.0,6929544.365426015,391.3654260151088
Paraguay,PRY,2025,7013078.0,7015355.998491278,2277.998491277918
West Bank and Gaza,PSE,2021,4922749.0,4923060.086232899,311.08623289875686
West Bank and Gaza,PSE,2022,5043612.0,5044002.923967499,390.92396749928594
West Bank and Gaza,PSE,2023,5165775.0,5166201.434575225,426.4345752252266
West Bank and Gaza,PSE,2024,5289152.0,5289620.469427168,468.4694271683693
West Bank and Gaza,PSE,2025,5413596.0,5414166.678113757,570.6781137567014
French Polynesia,PYF,2021,279792.0,281417.8543437601,1625.8543437601184
French Polynesia,PYF,2022,280378.0,282344.5480062478,1966.5480062477873
French Polynesia,PYF,2023,281118.0,282879.00290691544,1761.0029069154407
French Polynesia,PYF,2024,281807.0,283763.90040014585,1956.9004001458525
French Polynesia,PYF,2025,282465.0,284363.22166736383,1898.2216673638322
Qatar,QAT,2021,2504910.0,2959700.9502866985,454790.9502866985
Qatar,QAT,2022,2657333.0,2180118.3100594995,477214.68994050054
Qatar,QAT,2023,2656032.0,2847517.3321138965,191485.3321138965
Qatar,QAT,2024,2857822.0,2643815.366012563,214006.633987437
Qatar,QAT,2025,2972215.0,3078282.0797407767,106067.07974077668
Romania,ROU,2021,19122059.0,19156733.662485722,34674.66248572245
Romania,ROU,2022,19048502.0,18973955.512511104,74546.48748889565
Romania,ROU,2023,19061062.0,18978904.28447371,82157.71552629024
Romania,ROU,2024,19051804.0,19079260.763457995,27456.763457994908
Romania,ROU,2025,19020271.0,19039370.352081075,19099.35208107531
Russian Federation,RUS,2021,144746762.0,144991767.69179076,245005.69179075956
Russian Federation,RUS,2022,144236933.0,144199769.9379827,37163.062017291784
Russian Federation,RUS,2023,143826130.0,143700984.76601064,125145.23398935795
Russian Federation,RUS,2024,143669648.0,143398591.6030431,271056.3969568908
Russian Federation,RUS,2025,143513328.0,143510059.5164581,3268.48354190588
Rwanda,RWA,2021,13355260.0,13356709.080970954,1449.08097095415
Rwanda,RWA,2022,13651030.0,13645591.675988233,5438.324011767283
Rwanda,RWA,2023,13954471.0,13948199.973757377,6271.026242623106
Rwanda,RWA,2024,14256567.0,14259377.808424238,2810.8084242381155
Rwanda,RWA,2025,14569341.0,14559322.247299239,10018.75270076096
Saudi Arabia,SAU,2021,30784383.0,33174915.217251267,2390532.2172512673
Saudi Arabia,SAU,2022,32175224.0,29827677.89466479,2347546.1053352095
Saudi Arabia,SAU,2023,33702731.0,33742524.576496854,39793.576496854424
Saudi Arabia,SAU,2024,35300280.0,35244016.155773565,56263.84422643483
Saudi Arabia,SAU,2025,36973555.0,36906244.46308589,67310.53691411018
Sudan,SDN,2021,48066924.0,48023438.39026442,43485.6097355783
Sudan,SDN,2022,49383346.0,49346805.51276682,36540.48723317683
Sudan,SDN,2023,50042791.0,50702044.34838346,659253.3483834565
Sudan,SDN,2024,50448963.0,50645444.223149136,196481.2231491357
Sudan,SDN,2025,51662147.0,50829685.47787283,832461.5221271664
Senegal,SEN,2021,17220867.0,17226345.974604953,5478.97460495308
Senegal,SEN,2022,17651103.0,17653025.02183018,1922.0218301787972
Senegal,SEN,2023,18077573.0,18082007.56422105,4434.56422105059
Senegal,SEN,2024,18501984.0,18504409.891895194,2425.8918951936066
Senegal,SEN,2025,18931966.0,18926795.311299656,5170.6887003444135
Singapore,SGP,2021,5453566.0,5662327.222708872,208761.2227088716
Singapore,SGP,2022,5637022.0,5204067.058823833,432954.94117616676
Singapore,SGP,2023,5917648.0,5855766.685555419,61881.31444458105
Singapore,SGP,2024,6036860.0,6208243.288799169,171383.28879916854
Singapore,SGP,2025,6111175.0,6144455.008151794,33280.00815179385
Solomon Islands,SLB,2021,762591.0,762578.5884397789,12.41156022110954
Solomon Islands,SLB,2022,781066.0,782753.8375045351,1687.8375045350986
Solomon Islands,SLB,2023,800005.0,801477.8801219926,1472.8801219925517
Solomon Islands,SLB,2024,819198.0,820864.4198433757,1666.4198433756828
Solomon Islands,SLB,2025,838645.0,840270.4670147793,1625.4670147793368
Sierra Leone,SLE,2021,8094602.0,8094800.548807992,198.54880799166858
Sierra Leone,SLE,2022,8276807.0,8278140.739371145,1333.739371145144
Sierra Leone,SLE,2023,8460512.0,8460348.058053555,163.94194644503295
Sierra Leone,SLE,2024,8642022.0,8645613.931915082,3591.9319150820374
Sierra Leone,SLE,2025,8819794.0,8824568.372415364,4774.372415363789
El Salvador,SLV,2021,6255782.0,6248801.57301378,6980.426986220293
El Salvador,SLV,2022,6280319.0,6278589.37678399,1729.6232160096988
El Salvador,SLV,2023,6309624.0,6306113.988967327,3510.011032672599
El Salvador,SLV,2024,6338193.0,6340288.868531272,2095.8685312718153
El Salvador,SLV,2025,6365503.0,6367648.305476215,2145.3054762147367
San Marino,SMR,2021,34252.0,36873.029542121105,2621.029542121105
San Marino,SMR,2022,33755.0,35657.949757854614,1902.9497578546143
San Marino,SMR,2023,33860.0,35212.377282804126,1352.3772828041256
San Marino,SMR,2024,33977.0,35946.991885571435,1969.991885571435
San Marino,SMR,2025,34109.0,36006.65669695509,1897.6566969550913
"Somalia, Fed. Rep.",SOM,2021,17271431.0,17276600.930346455,5169.930346455425
"Somalia, Fed. Rep.",SOM,2022,17801897.0,17893369.80001713,91472.80001712963
"Somalia, Fed. Rep.",SOM,2023,18358615.0,18326320.265151907,32294.73484809324
"Somalia, Fed. Rep.",SOM,2024,19009151.0,18918637.80832657,90513.19167343155
"Somalia, Fed. Rep.",SOM,2025,19654739.0,19668711.63390661,13972.63390661031
Serbia,SRB,2021,6834326.0,6852923.307937497,18597.307937497273
Serbia,SRB,2022,6664449.0,6768538.290604375,104089.2906043753
Serbia,SRB,2023,6623183.0,6486171.877417874,137011.1225821264
Serbia,SRB,2024,6586476.0,6592896.6797908675,6420.679790867493
Serbia,SRB,2025,6549143.0,6550754.896567134,1611.8965671341866
South Sudan,SSD,2021,10865780.0,10972861.428435232,107081.42843523249
South Sudan,SSD,2022,11021177.0,11025239.54125926,4062.541259260848
South Sudan,SSD,2023,11483374.0,11176345.475351425,307028.5246485751
South Sudan,SSD,2024,11943408.0,11972264.113435242,28856.113435242325
South Sudan,SSD,2025,12188788.0,12405122.982988779,216334.9829887785
Sao Tome and Principe,STP,2021,221961.0,223529.8672934844,1568.8672934843926
Sao Tome and Principe,STP,2022,226305.0,228489.76095992635,2184.7609599263524
Sao Tome and Principe,STP,2023,230871.0,232574.80544356827,1703.8054435682716
Sao Tome and Principe,STP,2024,235536.0,237373.72848263057,1837.7284826305695
Sao Tome and Principe,STP,2025,240254.0,242105.6244124362,1851.6244124362129
Suriname,SUR,2021,617896.0,620816.662490231,2920.662490230985
Suriname,SUR,2022,623164.0,625296.7847930897,2132.784793089726
Suriname,SUR,2023,628886.0,630282.817664244,1396.8176642439794
Suriname,SUR,2024,634431.0,636499.6464351196,2068.646435119561
Suriname,SUR,2025,639850.0,641793.2453295055,1943.2453295055311
Slovak Republic,SVK,2021,5447247.0,5464370.610254736,17123.610254735686
Slovak Republic,SVK,2022,5431752.0,5435346.781779087,3594.7817790871486
Slovak Republic,SVK,2023,5426740.0,5416895.562567008,9844.437432992272
Slovak Republic,SVK,2024,5422069.0,5423551.69109283,1482.6910928301513
Slovak Republic,SVK,2025,5413813.0,5418384.757847317,4571.757847316563
Slovenia,SVN,2021,2108079.0,2118118.098613917,10039.098613916896
Slovenia,SVN,2022,2112076.0,2114706.75752932,2630.7575293201953
Slovenia,SVN,2023,2120461.0,2117551.893400734,2909.106599266175
Slovenia,SVN,2024,2127400.0,2130808.425669866,3408.4256698661484
Slovenia,SVN,2025,2130986.0,2135801.913769594,4815.913769593928
Sweden,SWE,2021,10415811.0,10426189.107891297,10378.107891296968
Sweden,SWE,2022,10486941.0,10477651.107311977,9289.892688022926
Sweden,SWE,2023,10536632.0,10559234.399985028,22602.39998502843
Sweden,SWE,2024,10569709.0,10584928.62181731,15219.62181730941
Sweden,SWE,2025,10596620.0,10601680.621381527,5060.621381526813
Eswatini,SWZ,2021,1206593.0,1207592.016281724,999.0162817239761
Eswatini,SWZ,2022,1218917.0,1222372.5801809458,3455.580180945806
Eswatini,SWZ,2023,1230506.0,1232920.4876800757,2414.48768007569
Eswatini,SWZ,2024,1242822.0,1243812.3485034944,990.3485034944024
Eswatini,SWZ,2025,1256174.0,1256952.4017932296,778.4017932296265
Sint Maarten (Dutch part),SXM,2021,41571.0,43626.90838500811,2055.908385008108
Sint Maarten (Dutch part),SXM,2022,42139.0,44106.928578884996,1967.9285788849957
Sint Maarten (Dutch part),SXM,2023,42749.0,44663.27569086348,1914.2756908634765
Sint Maarten (Dutch part),SXM,2024,43350.0,45296.51995196509,1946.5199519650923
Sint Maarten (Dutch part),SXM,2025,43923.0,45862.45119340136,1939.4511934013572
Seychelles,SYC,2021,99258.0,101287.84113343118,2029.8411334311822
Seychelles,SYC,2022,119878.0,102019.50079485364,17858.499205146363
Seychelles,SYC,2023,119773.0,144125.49413490755,24352.494134907553
Seychelles,SYC,2024,121354.0,119915.3404941954,1438.6595058045932
Seychelles,SYC,2025,122730.0,124973.84336864282,2243.843368642818
Syrian Arab Republic,SYR,2021,21628839.0,21740288.12508886,111449.12508885935
Syrian Arab Republic,SYR,2022,22462173.0,22199626.73626643,262546.26373356953
Syrian Arab Republic,SYR,2023,23594623.0,23317678.23989379,276944.76010620967
Syrian Arab Republic,SYR,2024,24672760.0,24753971.438362766,81211.43836276606
Syrian Arab Republic,SYR,2025,25620427.0,25748865.549909916,128438.54990991578
Turks and Caicos Islands,TCA,2021,45243.0,47576.7629133147,2333.7629133146984
Turks and Caicos Islands,TCA,2022,45847.0,48049.15316086184,2202.153160861839
Turks and Caicos Islands,TCA,2023,46198.0,48385.99744573266,2187.9974457326607
Turks and Caicos Islands,TCA,2024,46535.0,48461.01984938819,1926.0198493881908
Turks and Caicos Islands,TCA,2025,46855.0,48781.34796923521,1926.347969235212
Chad,TCD,2021,17828273.0,17766377.857855428,61895.14214457199
Chad,TCD,2022,18455316.0,18438564.732647542,16751.26735245809
Chad,TCD,2023,19319064.0,19085749.21928133,233314.7807186693
Chad,TCD,2024,20299123.0,20204249.49162812,94873.50837187842
Chad,TCD,2025,21003705.0,21291231.35726929,287526.35726929083
Togo,TGO,2021,7936176.0,7958089.545451753,21913.54545175284
Togo,TGO,2022,8068616.0,8083940.881625654,15324.881625654176
Togo,TGO,2023,8223850.0,8200934.462036971,22915.537963028997
Togo,TGO,2024,8406558.0,8382114.097078484,24443.90292151645
Togo,TGO,2025,8591626.0,8592739.51902961,1113.519029609859
Thailand,THA,2021,71727332.0,71748659.66195512,21327.66195511818
Thailand,THA,2022,71735329.0,71800446.02811421,65117.02811421454
Thailand,THA,2023,71702435.0,71726644.41250308,24209.41250307858
Thailand,THA,2024,71668011.0,71655644.07591517,12366.924084827304
Thailand,THA,2025,71619863.0,71622839.91184822,2976.911848217249
Tajikistan,TJK,2021,9966908.0,9969662.76418521,2754.76418521069
Tajikistan,TJK,2022,10182222.0,10185572.085315378,3350.085315378383
Tajikistan,TJK,2023,10389799.0,10398489.737165755,8690.737165754661
Tajikistan,TJK,2024,10590927.0,10597798.84969499,6871.849694989622
Tajikistan,TJK,2025,10786734.0,10792496.987262635,5762.9872626345605
Turkmenistan,TKM,2021,7092043.0,7097120.708865302,5077.7088653016835
Turkmenistan,TKM,2022,7230193.0,7235239.985815223,5046.985815223306
Turkmenistan,TKM,2023,7364438.0,7369334.344362667,4896.34436266683
Turkmenistan,TKM,2024,7494498.0,7499618.440244116,5120.440244115889
Turkmenistan,TKM,2025,7618847.0,7625408.348057263,6561.3480572625995
Timor-Leste,TLS,2021,1350139.0,1353055.2138646082,2916.213864608202
Timor-Leste,TLS,2022,1369295.0,1375996.5815852145,6701.581585214473
Timor-Leste,TLS,2023,1384286.0,1389861.015535406,5575.01553540607
Timor-Leste,TLS,2024,1400638.0,1400706.1285390558,68.12853905581869
Timor-Leste,TLS,2025,1418517.0,1418845.789235193,328.78923519304954
Tonga,TON,2021,105490.0,107719.79230808123,2229.7923080812325
Tonga,TON,2022,105042.0,107219.26123768883,2177.2612376888283
Tonga,TON,2023,104597.0,106515.71346646943,1918.7134664694313
Tonga,TON,2024,104175.0,106071.08962156909,1896.0896215690882
Tonga,TON,2025,103742.0,105652.05943236614,1910.0594323661353
Trinidad and Tobago,TTO,2021,1367558.0,1371079.5645860238,3521.5645860238
Trinidad and Tobago,TTO,2022,1365805.0,1369986.9878934745,4181.987893474521
Trinidad and Tobago,TTO,2023,1367510.0,1365560.4900520947,1949.509947905317
Trinidad and Tobago,TTO,2024,1368333.0,1371203.5634325705,2870.563432570547
Trinidad and Tobago,TTO,2025,1367764.0,1370768.9761435154,3004.976143515436
Tunisia,TUN,2021,12048622.0,12072544.46695615,23922.466956149787
Tunisia,TUN,2022,12119334.0,12121443.618703179,2109.6187031790614
Tunisia,TUN,2023,12200431.0,12189908.704510262,10522.295489737764
Tunisia,TUN,2024,12277109.0,12282547.623162594,5438.6231625936925
Tunisia,TUN,2025,12348573.0,12353559.15677625,4986.156776249409
Turkiye,TUR,2021,84147318.0,84151435.4063762,4117.406376197934
Turkiye,TUR,2022,84979913.0,84897277.27300267,82635.72699733078
Turkiye,TUR,2023,85325965.0,85809040.00187527,483075.00187526643
Turkiye,TUR,2024,85518661.0,85621496.73389947,102835.73389947414
Turkiye,TUR,2025,85878556.0,85686967.55240366,191588.44759634137
Tuvalu,TUV,2021,10194.0,12217.757817033766,2023.7578170337656
Tuvalu,TUV,2022,9992.0,11966.991311285747,1974.9913112857466
Tuvalu,TUV,2023,9816.0,11748.319575910951,1932.3195759109512
Tuvalu,TUV,2024,9646.0,11578.501707994641,1932.501707994641
Tuvalu,TUV,2025,9492.0,11391.130060929652,1899.1300609296522
Tanzania,TZA,2021,62830412.0,62774845.18761583,55566.812384173274
Tanzania,TZA,2022,64711821.0,64692046.603492215,19774.396507784724
Tanzania,TZA,2023,66617606.0,66594112.73489711,23493.265102893114
Tanzania,TZA,2024,68560157.0,68524075.3926046,36081.60739539564
Tanzania,TZA,2025,70545865.0,70504193.41033651,41671.58966349065
Uganda,UGA,2021,45910930.0,45917242.50795077,6312.507950767875
Uganda,UGA,2022,47312719.0,47364782.01778008,52063.01778008044
Uganda,UGA,2023,48656601.0,48710202.5127693,53601.512769296765
Uganda,UGA,2024,50015092.0,49995194.2252624,19897.774737596512
Uganda,UGA,2025,51384894.0,51373945.69123,10948.308770000935
Ukraine,UKR,2021,44298640.0,44393546.20730434,94906.20730434358
Ukraine,UKR,2022,41048766.0,43901552.47678523,2852786.4767852277
Ukraine,UKR,2023,37732836.0,37548412.92194155,184423.0780584514
Ukraine,UKR,2024,37860221.0,34392558.160128266,3467662.8398717344
Ukraine,UKR,2025,38980376.0,38261051.35707003,719324.6429299712
Uruguay,URY,2021,3396695.0,3402080.9856455782,5385.985645578243
Uruguay,URY,2022,3390913.0,3395482.1288838657,4569.128883865662
Uruguay,URY,2023,3388081.0,3386197.427343457,1883.572656542994
Uruguay,URY,2024,3386588.0,3386827.5206583366,239.5206583365798
Uruguay,URY,2025,3384688.0,3386527.953083873,1839.953083872795
United States,USA,2021,332100166.0,332852756.78308094,752590.7830809355
United States,USA,2022,333996304.0,332502185.59246635,1494118.4075336456
United States,USA,2023,336755052.0,335955659.3630341,799392.6369658709
United States,USA,2024,340003797.0,339539052.364872,464744.63512802124
United States,USA,2025,341784857.0,343249313.19994706,1464456.1999470592
Uzbekistan,UZB,2021,34243696.0,34209402.4592156,34293.54078440368
Uzbekistan,UZB,2022,34938955.0,34902817.784265056,36137.21573494375
Uzbekistan,UZB,2023,35652307.0,35636218.87083119,16088.12916880846
Uzbekistan,UZB,2024,36361859.0,36365998.30955419,4139.309554189444
Uzbekistan,UZB,2025,37053428.0,37069824.7696615,16396.76966150105
St. Vincent and the Grenadines,VCT,2021,102841.0,104878.13562639756,2037.1356263975613
St. Vincent and the Grenadines,VCT,2022,102046.0,104114.19058316504,2068.1905831650365
St. Vincent and the Grenadines,VCT,2023,101323.0,103181.71443554541,1858.7144355454075
St. Vincent and the Grenadines,VCT,2024,100616.0,102524.00630064399,1908.0063006439887
St. Vincent and the Grenadines,VCT,2025,99924.0,101806.86956520291,1882.8695652029128
"Venezuela, RB",VEN,2021,28237826.0,27975253.166541416,262572.8334585838
"Venezuela, RB",VEN,2022,28213017.0,28050970.530214828,162046.4697851725
"Venezuela, RB",VEN,2023,28300854.0,28199806.412278254,101047.58772174641
"Venezuela, RB",VEN,2024,28405543.0,28395198.2003056,10344.79969440028
"Venezuela, RB",VEN,2025,28516896.0,28509051.99794374,7844.002056259662
British Virgin Islands,VGB,2021,37809.0,39795.68191920708,1986.6819192070834
British Virgin Islands,VGB,2022,38319.0,40456.57876898578,2137.5787689857825
British Virgin Islands,VGB,2023,38985.0,40772.06276451188,1787.0627645118802
British Virgin Islands,VGB,2024,39471.0,41598.60258196702,2127.6025819670176
British Virgin Islands,VGB,2025,39732.0,41854.83907080509,2122.8390708050865
Virgin Islands (U.S.),VIR,2021,105870.0,107891.50018054017,2021.5001805401698
Virgin Islands (U.S.),VIR,2022,105413.0,107409.06260851852,1996.0626085185213
Virgin Islands (U.S.),VIR,2023,104917.0,106893.48765821673,1976.4876582167344
Virgin Islands (U.S.),VIR,2024,104377.0,106336.42716240429,1959.4271624042885
Virgin Islands (U.S.),VIR,2025,103792.0,105730.11071191565,1938.1107119156513
Viet Nam,VNM,2021,98935098.0,98971093.77027988,35995.77027988434
Viet Nam,VNM,2022,99680655.0,99775619.0976954,94964.09769539535
Viet Nam,VNM,2023,100352192.0,100405291.20982054,53099.20982053876
Viet Nam,VNM,2024,100987686.0,101005276.0471928,17590.047192797065
Viet Nam,VNM,2025,101598527.0,101607499.22777845,8972.227778449655
Vanuatu,VUT,2021,305868.0,307725.42065527505,1857.4206552750547
Vanuatu,VUT,2022,313046.0,314849.1840320577,1803.184032057703
Vanuatu,VUT,2023,320409.0,322175.3578103532,1766.35781035322
Vanuatu,VUT,2024,327777.0,329702.44527699956,1925.445276999555
Vanuatu,VUT,2025,335169.0,337037.87055236794,1868.8705523679382
Samoa,WSM,2021,213779.0,216082.35442125145,2303.3544212514535
Samoa,WSM,2022,215261.0,217541.0133228915,2280.013322891493
Samoa,WSM,2023,216663.0,218644.47042093123,1981.470420931233
Samoa,WSM,2024,218019.0,219966.06729888683,1947.0672988868318
Samoa,WSM,2025,219306.0,221256.5575998763,1950.5575998763088
Kosovo,XKX,2021,1786079.0,1793873.337189436,7794.337189435959
Kosovo,XKX,2022,1768096.0,1783233.2264783615,15137.226478361525
Kosovo,XKX,2023,1682668.0,1750568.5075764847,67900.5075764847
Kosovo,XKX,2024,1594353.0,1593080.1191630731,1272.8808369268663
Kosovo,XKX,2025,1576876.0,1507062.1554105878,69813.84458941221
"Yemen, Rep.",YEM,2021,37140230.0,37158308.08640292,18078.08640292287
"Yemen, Rep.",YEM,2022,38222876.0,38144078.188680515,78797.8113194853
"Yemen, Rep.",YEM,2023,39390799.0,39311816.95234768,78982.04765231907
"Yemen, Rep.",YEM,2024,40583164.0,40565809.15691604,17354.843083962798
"Yemen, Rep.",YEM,2025,41773878.0,41777591.528427735,3713.528427734971
South Africa,ZAF,2021,61502603.0,61532622.59967214,30019.59967213869
South Africa,ZAF,2022,62378410.0,62435505.886118636,57095.886118635535
South Africa,ZAF,2023,63212384.0,63244014.89611086,31630.896110862494
South Africa,ZAF,2024,64007187.0,64037627.7642414,30440.76424139738
South Africa,ZAF,2025,64747319.0,64793144.51255892,45825.51255892217
Zambia,ZMB,2021,19603607.0,19606461.701535817,2854.7015358172357
Zambia,ZMB,2022,20152938.0,20148673.587914594,4264.412085406482
Zambia,ZMB,2023,20723965.0,20703549.98303862,20415.01696138084
Zambia,ZMB,2024,21314956.0,21297582.964590877,17373.035409122705
Zambia,ZMB,2025,21913874.0,21908361.309890836,5512.690109163523
Zimbabwe,ZWE,2021,15797210.0,15784339.886095125,12870.113904874772
Zimbabwe,ZWE,2022,16069056.0,16069153.360380035,97.36038003489375
Zimbabwe,ZWE,2023,16340822.0,16341391.019604743,569.019604742527
Zimbabwe,ZWE,2024,16634373.0,16612878.592536986,21494.407463014126
Zimbabwe,ZWE,2025,16950795.0,16929999.130117577,20795.86988242343
