Country Code,Country Name,Population_1960,Population_2025,Absolute_Growth,Growth_Percentage
ARE,United Arab Emirates,131334.0,11513149.0,11381815.0,8666.312607550215
QAT,Qatar,36010.0,2972215.0,2936205.0,8153.86003887809
SXM,Sint Maarten (Dutch part),2715.0,43923.0,41208.0,1517.7900552486187
KWT,Kuwait,311060.0,4865298.0,4554238.0,1464.1027454510383
SAU,Saudi Arabia,2435403.0,36973555.0,34538152.0,1418.1698881047612
DJI,Djibouti,86024.0,1184076.0,1098052.0,1276.4484329954432
JOR,Jordan,853471.0,11520684.0,10667213.0,1249.8623854823422
OMN,Oman,530485.0,5494691.0,4964206.0,935.7863087551957
BHR,Bahrain,165477.0,1600366.0,1434889.0,867.122923427425
CYM,Cayman Islands,8428.0,75844.0,67416.0,799.905078310394
CIV,Cote d'Ivoire,3673666.0,32711547.0,29037881.0,790.4333436953714
AND,Andorra,9510.0,82904.0,73394.0,771.7560462670873
TCA,Turks and Caicos Islands,5599.0,46855.0,41256.0,736.8458653330952
NER,Niger,3505050.0,27917831.0,24412781.0,696.5030741358896
YEM,"Yemen, Rep.",5532301.0,41773878.0,36241577.0,655.0904768196814
KEN,Kenya,7695307.0,57532493.0,49837186.0,647.6309002356891
AGO,Angola,5231654.0,39040039.0,33808385.0,646.2274645838581
COD,"Congo, Dem. Rep.",15264846.0,112832473.0,97567627.0,639.1654851938893
GNQ,Equatorial Guinea,269807.0,1938431.0,1668624.0,618.4509668021956
TZA,Tanzania,9901419.0,70545865.0,60644446.0,612.4823724761068
GMB,"Gambia, The",398060.0,2822093.0,2424033.0,608.961714314425
ZMB,Zambia,3153729.0,21913874.0,18760145.0,594.8559625763659
TCD,Chad,3049838.0,21003705.0,17953867.0,588.6826447831
SOM,"Somalia, Fed. Rep.",2876331.0,19654739.0,16778408.0,583.3267450790607
UGA,Uganda,7640973.0,51384894.0,43743921.0,572.4915007552049
IRQ,Iraq,7022052.0,47020774.0,39998722.0,569.615861574366
MRT,Mauritania,824298.0,5315065.0,4490767.0,544.7989683342674
MDG,Madagascar,5111029.0,32740678.0,27629649.0,540.5887738066052
ETH,Ethiopia,21376693.0,135472051.0,114095358.0,533.7371781500534
SDN,Sudan,8364489.0,51662147.0,43297658.0,517.6366183277903
COG,"Congo, Rep.",1056732.0,6484437.0,5427705.0,513.6311761165556
MWI,Malawi,3628134.0,22216120.0,18587986.0,512.3290925858857
SLB,Solomon Islands,139688.0,838645.0,698957.0,500.3701105320428
BEN,Benin,2517286.0,14814460.0,12297174.0,488.5092119052026
MAF,St. Martin (French part),4250.0,24941.0,20691.0,486.84705882352944
MDV,Maldives,91189.0,529676.0,438487.0,480.8551470023796
CMR,Cameroon,5159057.0,29879337.0,24720280.0,479.16276172176424
SEN,Senegal,3340907.0,18931966.0,15591059.0,466.6714458079797
PAK,Pakistan,45709310.0,255219554.0,209510244.0,458.3535476689541
SYR,Syrian Arab Republic,4673500.0,25620427.0,20946927.0,448.2064191719268
PNG,Papua New Guinea,1995110.0,10762817.0,8767707.0,439.45982928259593
HND,Honduras,2062060.0,11005850.0,8943790.0,433.73083227452156
MOZ,Mozambique,6713695.0,35631653.0,28917958.0,430.73088664289935
BRN,Brunei Darussalam,88347.0,466330.0,377983.0,427.8390890466003
NGA,Nigeria,45053782.0,237527782.0,192474000.0,427.2094182903446
NAM,Namibia,591465.0,3092816.0,2501351.0,422.9076952989611
BDI,Burundi,2764258.0,14390003.0,11625745.0,420.5738031688793
VUT,Vanuatu,64431.0,335169.0,270738.0,420.1983517251013
TGO,Togo,1673110.0,8591626.0,6918516.0,413.5123213656006
TJK,Tajikistan,2112131.0,10786734.0,8674603.0,410.7038341845274
GAB,Gabon,512316.0,2593130.0,2080814.0,406.1583085439455
BFA,Burkina Faso,4778621.0,24074580.0,19295959.0,403.7976437135316
GHA,Ghana,6961215.0,35064272.0,28103057.0,403.7090795213192
LBR,Liberia,1139522.0,5731206.0,4591684.0,402.9482537414811
VGB,British Virgin Islands,7950.0,39732.0,31782.0,399.77358490566036
LBY,Libya,1492890.0,7458555.0,5965665.0,399.6051283081808
MNP,Northern Mariana Islands,8736.0,43541.0,34805.0,398.4088827838828
BWA,Botswana,516165.0,2562122.0,2045957.0,396.37654625943253
AFG,Afghanistan,9035043.0,43844111.0,34809068.0,385.26731970174353
RWA,Rwanda,3022294.0,14569341.0,11547047.0,382.0623341078002
ISR,Israel,2114020.0,10122800.0,8008780.0,378.8412597799453
MLI,Mali,5402550.0,25198821.0,19796271.0,366.4245772829497
TKM,Turkmenistan,1643457.0,7618847.0,5975390.0,363.58663475831736
BLZ,Belize,91318.0,422924.0,331606.0,363.13322674609606
GTM,Guatemala,4063655.0,18687881.0,14624226.0,359.87863142909526
MYS,Malaysia,7956197.0,35977838.0,28021641.0,352.1989337368092
UZB,Uzbekistan,8209109.0,37053428.0,28844319.0,351.36966752421
COM,Comoros,197700.0,882847.0,685147.0,346.5589276681841
ZWE,Zimbabwe,3809389.0,16950795.0,13141406.0,344.97411527150416
EGY,"Egypt, Arab Rep.",26896479.0,118365995.0,91469516.0,340.07988926729035
IRN,"Iran, Islamic Rep.",21470434.0,92417681.0,70947247.0,330.4416063503886
GIN,Guinea,3556749.0,15099727.0,11542978.0,324.53732326908647
PHL,Philippines,27891897.0,116786962.0,88895065.0,318.7128684721588
SSD,South Sudan,2931559.0,12188788.0,9257229.0,315.7783622980128
DZA,Algeria,11424922.0,47435312.0,36010390.0,315.19156104523074
PAN,Panama,1126005.0,4571189.0,3445184.0,305.9652488221633
ECU,Ecuador,4590891.0,18289896.0,13699005.0,298.39534417175224
MAC,"Macao SAR, China",173315.0,685900.0,512585.0,295.7533969939128
ZAF,South Africa,16440172.0,64747319.0,48307147.0,293.83601947716846
NIC,Nicaragua,1782370.0,7007502.0,5225132.0,293.1564153346387
GNB,Guinea-Bissau,577633.0,2249515.0,1671882.0,289.436718470032
SLE,Sierra Leone,2268356.0,8819794.0,6551438.0,288.8187744780802
CRI,Costa Rica,1327496.0,5152950.0,3825454.0,288.1706611545345
PRY,Paraguay,1883514.0,7013078.0,5129564.0,272.3401047191579
SGP,Singapore,1646400.0,6111175.0,4464775.0,271.1840986394558
LAO,Lao PDR,2121514.0,7873046.0,5751532.0,271.1050693042799
ERI,Eritrea,972547.0,3607003.0,2634456.0,270.8821270334493
NCL,New Caledonia,79819.0,295333.0,215514.0,270.00338265325297
MNG,Mongolia,977595.0,3568978.0,2591383.0,265.07735821071094
SWZ,Eswatini,345337.0,1256174.0,910837.0,263.7530875637421
MEX,Mexico,36724615.0,131946900.0,95222285.0,259.28736080691385
BTN,Bhutan,224084.0,796682.0,572598.0,255.52828403634354
STP,Sao Tome and Principe,68012.0,240254.0,172242.0,253.25236722931245
DOM,Dominican Republic,3268336.0,11520487.0,8252151.0,252.487840907422
VEN,"Venezuela, RB",8160090.0,28516896.0,20356806.0,249.46791028040133
BHS,"Bahamas, The",116317.0,403033.0,286716.0,246.49535321578102
COL,Colombia,15606209.0,53425635.0,37819426.0,242.33576520729665
PER,Peru,10174127.0,34576665.0,24402538.0,239.84896197973544
BOL,Bolivia,3702323.0,12581843.0,8879520.0,239.83644862968467
BGD,Bangladesh,51828660.0,175686899.0,123858239.0,238.97634822123513
KGZ,Kyrgyz Republic,2172300.0,7343064.0,5170764.0,238.03176356856787
PYF,French Polynesia,83671.0,282465.0,198794.0,237.59008497567856
IND,India,435990338.0,1463865525.0,1027875187.0,235.75641417081127
MAR,Morocco,11624933.0,38430770.0,26805837.0,230.58917414835852
KHM,Cambodia,5449966.0,17847982.0,12398016.0,227.4879513009806
LBN,Lebanon,1794406.0,5849421.0,4055015.0,225.98090956004384
CAF,Central African Republic,1702346.0,5513282.0,3810936.0,223.86377387440626
IDN,Indonesia,88296070.0,285721236.0,197425166.0,223.59451105807992
LSO,Lesotho,736500.0,2363325.0,1626825.0,220.88594704684317
VIR,Virgin Islands (U.S.),32500.0,103792.0,71292.0,219.36
VNM,Viet Nam,32531933.0,101598527.0,69066594.0,212.30399681445306
HTI,Haiti,3858443.0,11906095.0,8047652.0,208.57252523880746
TUR,Turkiye,28329898.0,85878556.0,57548658.0,203.13754041754754
TLS,Timor-Leste,468118.0,1418517.0,950399.0,203.02551920669575
SYC,Seychelles,41700.0,122730.0,81030.0,194.31654676258995
BRA,Brazil,72388126.0,212812405.0,140424279.0,193.98800156810248
NPL,Nepal,10123658.0,29618118.0,19494460.0,192.56339951428626
KIR,Kiribati,47157.0,136488.0,89331.0,189.4331700489853
TUN,Tunisia,4267288.0,12348573.0,8081285.0,189.37753908337098
AUS,Australia,10276477.0,27614411.0,17337934.0,168.7147647973133
THA,Thailand,26851747.0,71619863.0,44768116.0,166.72328992225346
FSM,"Micronesia, Fed. Sts.",43061.0,113683.0,70622.0,164.00455168249692
AZE,Azerbaijan,3894500.0,10246996.0,6352496.0,163.11454615483373
NRU,Naoero,4607.0,12025.0,7418.0,161.01584545257217
MMR,Myanmar,21730250.0,54850648.0,33120398.0,152.41609277389813
CPV,Cabo Verde,210024.0,527326.0,317302.0,151.07892431341182
LIE,Liechtenstein,16451.0,41024.0,24573.0,149.37085891435171
MHL,Marshall Islands,14703.0,36282.0,21579.0,146.76596612936135
CHL,Chile,8153350.0,19859921.0,11706571.0,143.57989047446756
GUM,Guam,69525.0,168999.0,99474.0,143.07659115426105
SUR,Suriname,263918.0,639850.0,375932.0,142.44272842322238
HKG,"Hong Kong SAR, China",3094840.0,7498900.0,4404060.0,142.3033177805638
CYP,Cyprus,586490.0,1370754.0,784264.0,133.72163208238845
CAN,Canada,17909356.0,41651653.0,23742297.0,132.56923922892594
FJI,Fiji,404887.0,933154.0,528267.0,130.47269979031185
ASM,American Samoa,20133.0,46029.0,25896.0,128.62464610341232
SLV,El Salvador,2791459.0,6365503.0,3574044.0,128.0349809902277
PRK,"Korea, Dem. People's Rep.",11722953.0,26571036.0,14848083.0,126.65821487128713
LKA,Sri Lanka,9661389.0,21756000.0,12094611.0,125.1850122171874
ARG,Argentina,20386045.0,45851378.0,25465333.0,124.91551451004841
NZL,New Zealand,2371800.0,5324700.0,2952900.0,124.500379458639
ISL,Iceland,175574.0,392404.0,216830.0,123.49778440999238
SMR,San Marino,15428.0,34109.0,18681.0,121.08504018667358
KAZ,Kazakhstan,9429981.0,20843754.0,11413773.0,121.03707313938384
LUX,Luxembourg,313970.0,686970.0,373000.0,118.80115934643439
CHN,China,667070000.0,1406585000.0,739515000.0,110.86017959134725
KOR,"Korea, Rep.",25012374.0,51684564.0,26672190.0,106.63597945560865
ABW,Aruba,54922.0,108785.0,53863.0,98.071810931867
WSM,Samoa,112490.0,219306.0,106816.0,94.95599608854121
LCA,St. Lucia,92585.0,180149.0,87564.0,94.57687530377491
IRL,Ireland,2828600.0,5484367.0,2655767.0,93.88980414339248
PLW,Palau,9328.0,17663.0,8335.0,89.35463121783876
USA,United States,180671000.0,341784857.0,161113857.0,89.17527273331083
GIB,Gibraltar,21839.0,40126.0,18287.0,83.7355190255964
MUS,Mauritius,680331.0,1243741.0,563410.0,82.81410078329519
MLT,Malta,326550.0,579704.0,253154.0,77.52380952380953
MCO,Monaco,21808.0,38341.0,16533.0,75.81162876008804
GRL,Greenland,32500.0,56831.0,24331.0,74.86461538461539
IMN,Isle of Man,48868.0,84118.0,35250.0,72.13309323074405
JAM,Jamaica,1650005.0,2837077.0,1187072.0,71.94353956503163
CHE,Switzerland,5327827.0,9092436.0,3764609.0,70.65937013345216
TUV,Tuvalu,5598.0,9492.0,3894.0,69.56055734190782
ATG,Antigua and Barbuda,55603.0,94209.0,38606.0,69.43150549430787
ARM,Armenia,1863705.0,3086700.0,1222995.0,65.62170515183465
ESP,Spain,30455000.0,49355143.0,18900143.0,62.05924478739123
TTO,Trinidad and Tobago,844943.0,1367764.0,522821.0,61.87648160881858
FRO,Faroe Islands,34127.0,54900.0,20773.0,60.86969261874762
XKX,Kosovo,984846.0,1576876.0,592030.0,60.113967056778414
NLD,Netherlands,11486631.0,18087633.0,6601002.0,57.46682382327769
TON,Tonga,66170.0,103742.0,37572.0,56.78101858848421
NOR,Norway,3581239.0,5610870.0,2029631.0,56.67398908590015
BMU,Bermuda,42208.0,64555.0,22347.0,52.9449393479909
CHI,Channel Islands,110808.0,168466.0,57658.0,52.03414915890549
CUB,Cuba,7238081.0,10937203.0,3699122.0,51.10639132112503
GUY,Guyana,569143.0,835986.0,266843.0,46.885053492707456
ALB,Albania,1608800.0,2349580.0,740780.0,46.04549975136748
FRA,France,47412964.0,68720337.0,21307373.0,44.939972535781564
SWE,Sweden,7484656.0,10596620.0,3111964.0,41.57791620616899
PRI,Puerto Rico (US),2358000.0,3184835.0,826835.0,35.065097540288384
SVN,Slovenia,1584720.0,2130986.0,546266.0,34.47082134383361
URY,Uruguay,2529957.0,3384688.0,854731.0,33.78440819349894
SVK,Slovak Republic,4068095.0,5413813.0,1345718.0,33.07980762494485
GBR,United Kingdom,52400000.0,69487000.0,17087000.0,32.6087786259542
JPN,Japan,93216000.0,123366734.0,30150734.0,32.34502016821146
DNK,Denmark,4579603.0,6009169.0,1429566.0,31.215937276659133
AUT,Austria,7047539.0,9208163.0,2160624.0,30.657850917887792
BEL,Belgium,9153489.0,11941781.0,2788292.0,30.461521284397676
MNE,Montenegro,480579.0,623129.0,142550.0,29.662136714255094
FIN,Finland,4429634.0,5646436.0,1216802.0,27.469583265795777
MKD,North Macedonia,1435059.0,1820909.0,385850.0,26.88739626733117
CUW,Curacao,124826.0,156263.0,31437.0,25.184657042603302
GRC,Greece,8331725.0,10413962.0,2082237.0,24.99166739180662
GRD,Grenada,94058.0,117303.0,23245.0,24.713474664568672
POL,Poland,29637450.0,36435861.0,6798411.0,22.9385827728094
BRB,Barbados,230893.0,282623.0,51730.0,22.404317151234554
PRT,Portugal,8857716.0,10804871.0,1947155.0,21.9825855784945
RUS,Russian Federation,119897000.0,143513328.0,23616328.0,19.697180079568298
VCT,St. Vincent and the Grenadines,84388.0,99924.0,15536.0,18.410200502441104
ITA,Italy,50199700.0,58915656.0,8715956.0,17.362565911748476
MDA,Moldova,2058020.0,2360527.0,302507.0,14.698933926783997
DEU,Germany,72814900.0,83491249.0,10676349.0,14.662313619877251
CZE,Czechia,9602006.0,10886878.0,1284872.0,13.381287201861777
EST,Estonia,1211537.0,1366475.0,154938.0,12.78854876078898
DMA,Dominica,59372.0,65871.0,6499.0,10.946237283568012
BLR,Belarus,8198000.0,9085991.0,887991.0,10.831800439131495
GEO,Georgia,3645600.0,3935766.0,290166.0,7.9593482554312045
LTU,Lithuania,2778550.0,2888774.0,110224.0,3.966961184790628
ROU,Romania,18406905.0,19020271.0,613366.0,3.3322603664222745
SRB,Serbia,6638992.0,6549143.0,-89849.0,-1.3533530391360615
BIH,Bosnia and Herzegovina,3281381.0,3140095.0,-141286.0,-4.305687148185474
HUN,Hungary,9983512.0,9514251.0,-469261.0,-4.700359953491316
HRV,Croatia,4140181.0,3876200.0,-263981.0,-6.376073896286178
UKR,Ukraine,42824093.0,38980376.0,-3843717.0,-8.975594649488547
LVA,Latvia,2120979.0,1847785.0,-273194.0,-12.880561287971263
KNA,St. Kitts and Nevis,55810.0,46922.0,-8888.0,-15.925461386848236
BGR,Bulgaria,7867374.0,6433302.0,-1434072.0,-18.22808983022798
